TYPE,AGE,RACE,FAMSIZE,HISTORIC,START_YEAR,END_YEAR,REHABTOTAL,FY_COMPLT,PARCEL_ID
SF,41,11 - WHITE,4,0,07/21,01/22,0,FY22,323
RENTAL,29,11 - WHITE,1,0,03/21,08/21,0,FY22,168
SF,38,11 - WHITE,4,0,03/21,08/21,0,FY22,461
SF,74,11 - WHITE,1,0,11/21,03/22,25925,FY22,895
SF,31,11 - WHITE,1,0,11/21,2/22,19490,FY22,180
SF,42,12 - BLACK/AFRICAN AMER,1,0,08/21,04/22,30031,FY23,634
SF,48,12 - BLACK/AFRICAN AMER,2,0,08/21,04/22,0,FY22,730
SF,63,11 - WHITE,1,0,08/21,4/22,0,FY22,938
SF,39,20 - OTHER MULTI-RACIAL,4,0,03/22,04/22,11100,FY22,997
SF,67,12 - BLACK/AFRICAN AMER,2,0,09/19,11/19,7870,FY20,1042
SF,55,20 - OTHER MULTI-RACIAL,2,0,05/19,09/19,14868,FY20,383
SF,64,11 - WHITE,1,0,10/19,12/19,37000,FY20,156
SF,64,12 - BLACK/AFRICAN AMER,1,0,10/19,12/19,7265,FY20,1057
SF,74,11 - WHITE,2,0,08/19,11/19,9375,FY20,891
SF,85,12 - BLACK/AFRICAN AMER,2,0,10/19,12/19,23550,FY20,1048
SF,82,20 - OTHER MULTI-RACIAL,4,0,05/19,07/19,7735,FY20,79
SF,53,11 - WHITE,1,0,03/20,06/20,475,FY20,327
SF,82,12 - BLACK/AFRICAN AMER,1,0,12/19,03/20,28025,FY20,639
RENTAL,0,11 - WHITE,0,0,05/18,09/18,18675,FY19,628
RENTAL,0,11 - WHITE,0,0,10/17,06/18,39321,FY18,363
RENTAL,0,11 - WHITE,0,0,01/18,08/18,37834,FY19,610
RENTAL,0,11 - WHITE,0,0,09/18,10/18,0,FY19,650
SF,0,11 - WHITE,0,0,09/18,10/19,0,FY19,366
RENTAL,0,11 - WHITE,0,0,01/18,10/18,0,FY19,337
RENTAL,0,7,0,0,10/18,11/18,0,FY19,811
RENTAL,0,11 - WHITE,0,0,03/18,10/18,21815,FY19,701
SF,70,11 - WHITE,1,0,06/18,08/18,4085,FY19,314
SF,0,0 - NON-PROFIT,0,0,02/17,04/18,75100,FY18,894
SF,59,12 - BLACK/AFRICAN AMER,1,0,10/17,06/18,26830,FY18,880
SF,27,11 - WHITE,1,0,04/18,05/18,0,FY18,1086
SF,25,11 - WHITE,1,0,04/18,05/18,0,FY18,1088
SF,43,11 - WHITE,2,0,10/17,04/18,10020,FY18,353
SF,59,11 - WHITE,1,0,04/18,08/18,13175,FY19,43
SF,32,18 - BLACK/AF AM & WHITE,3,0,05/18,09/18,0,FY19,166
SF,0,0 - NON-PROFIT,0,0,01/14,09/18,199294.25,FY19,166
SF,66,11 - WHITE,4,0,06/18,07/18,6875,FY19,182
RENTAL,0,11 - WHITE,0,0,09/18,12/18,18055,FY19,301
RENTAL,0,11 - WHITE,0,0,03/18,10/18,13080,FY19,408
SF,34,11 - WHITE,3,0,02/18,12/18,57630,FY19,616
SF,34,11 - WHITE,5,0,01/18,07/18,37050,FY19,898
RENTAL,0,11 - WHITE,,0,01/18,02/18,0,FY18,358
SF,47,11 - WHITE,3,0,05/18,10/18,21095,FY19,1010
SF,0,0 - NON-PROFIT,,0,03/14,10/18,47563.9296875,FY19,1091
SF,0,0 - NON-PROFIT,,0,03/14,10/18,36951.94921875,FY19,1085
SF,34,20 - OTHER MULTI-RACIAL,3,0,10/18,11/18,0,FY19,1084
SF,75,12 - BLACK/AFRICAN AMER,1,0,07/17,08/18,52335,FY19,798
RENTAL,0,11 - WHITE,0,0,09/18,12/18,8905,FY19,121
RENTAL,0,11 - WHITE,3,0,11/17,06/18,8215,FY18,545
SF,75,12 - BLACK/AFRICAN AMER,2,0,10/18,11/18,2875,FY19,753
SF,56,12 - BLACK/AFRICAN AMER,3,0,09/18,12/18,7426,FY19,287
RENTAL,,11 - WHITE,,0,06/18,10/18,8440,FY19,939
RENTAL,,11 - WHITE,,0,03/18,08/18,15281,FY19,215
RENTAL,,11 - WHITE,4,0,10/17,07/18,15980,FY19,404
SF,22,11 - WHITE,1,0,07/18,08/18,0,FY19,633
RENTAL,0,11 - WHITE,,0,05/18,06/18,0,FY18,201
SF,77,11 - WHITE,2,0,10/17,03/18,17960,FY18,1098
RENTAL,0,11 - WHITE,0,0,11/17,04/18,770,FY18,460
RENTAL,0,11 - WHITE,0,0,01/18,04/18,8715,FY18,728
SF,52,12 - BLACK/AFRICAN AMER,1,0,04/18,04/18,0,FY18,894
RENTAL,0,11 - WHITE,0,0,06/17,04/18,0,FY18,225
SF,64,11 - WHITE,2,0,09/16,01/18,32215,FY18,689
RENTAL,0,11 - WHITE,0,0,06/17,02/18,32817,FY18,236
SF,47,11 - WHITE,1,0,10/17,02/18,18510,FY18,445
SF,46,12 - BLACK/AFRICAN AMER,1,0,09/17,12/17,12345,FY18,946
SF,50,11 - WHITE,2,0,11/17,11/17,0,FY18,1083
SF,0,0 - NON-PROFIT,0,0,03/14,11/17,36939.05078125,FY18,1083
SF,58,11 - WHITE,1,0,07/17,09/17,4260,FY18,717
RENTAL,0,12 - BLACK/AFRICAN AMER,0,0,06/17,09/17,14610,FY18,521
SF,42,11 - WHITE,3,0,09/16,08/17,40119.25,FY18,815
SF,63,NA,2,0,05/16,08/17,45183.5,FY18,244
SF,63,12 - BLACK/AFRICAN AMER,2,0,06/17,08/17,9045,FY18,806
SF,27,12 - BLACK/AFRICAN AMER,1,0,06/17,08/17,8850,FY18,584
SF,60,17 - ASIAN & WHITE,1,0,07/17,08/17,7955,FY18,1097
SF,27,11 - WHITE,1,0,02/17,03/17,10156,FY17,319
SF,67,12 - BLACK/AFRICAN AMER,1,0,02/17,03/17,0,FY17,945
SF,60,11 - WHITE,1,0,04/16,12/16,11785,FY17,375
SF,29,11 - WHITE,3,0,09/16,02/17,43291.69921875,FY17,532
SF,48,11 - WHITE,1,0,10/16,11/16,10865,FY17,327
SF,34,12 - BLACK/AFRICAN AMER,6,0,08/16,10/16,0,FY17,740
SF,43,11 - WHITE,3,0,09/16,10/16,0,FY17,447
SF,48,11 - WHITE,1,0,08/16,10/16,0,FY17,629
SF,0,0 - NON-PROFIT,0,0,06/15,10/16,140558.484375,FY17,629
SF,0,0 - NON-PROFIT,,0,09/13,5/15,674,FY15,502
SF,45,11 - WHITE,2,0,09/15,06/16,42940,FY16,1095
SF,0,0,,0,10/12,02/13,0,FY13,455
SF,,0,,0,10/12,02/13,0,FY13,455
SF,,0,0,0,10/12,02/13,0,FY13,455
SF,0,0 - NON-PROFIT,0,0,10/15,05/16,48000,FY16,78
SF,50,18 - BLACK/AF AM & WHITE,1,0,01/16,06/16,9640.080078125,FY16,623
SF,44,12 - BLACK/AFRICAN AMER,7,0,05/16,05/16,0,FY16,713
SF,0,0 - NON-PROFIT,0,0,06/15,06/16,73883.7890625,FY16,713
SF,0,0 - NON-PROFIT,,0,02/14,05/16,161293,FY16,66
SF,42,12 - BLACK/AFRICAN AMER,2,0,05/16,05/16,0,FY16,66
SF,52,11 - WHITE,1,0,03/15,04/16,29715.5,FY16,902
SF,24,11 - WHITE,1,0,01/16,02/16,0,FY16,114
SF,0,0 - NON-PROFIT,,0,11/14,02/16,173607,FY16,114
SF,28,12 - BLACK/AFRICAN AMER,3,0,01/07,02/07,0,FY07,901
SF,43,11 - WHITE,3,0,01/07,02/07,0,FY07,463
SF,43,12 - BLACK/AFRICAN AMER,1,1,02/07,10/07,24970,FY08,555
SF,42,20 - OTHER MULTI-RACIAL,3,0,11/07,04/08,11335,FY08,735
SF,23,11 - WHITE,1,0,04/07,05/07,0,FY07,150
SF,0,20 - OTHER MULTI-RACIAL,7,0,06/07,12/07,93200,FY08,563
SF,0,12 - BLACK/AFRICAN AMER,2,0,06/07,01/08,77900,FY08,620
SF,0,12 - BLACK/AFRICAN AMER,3,0,06/07,02/08,84800,FY08,475
SF,0,0 - NON-PROFIT,0,0,06/07,09/08,84600,FY09,631
SF,37,11 - WHITE,4,0,06/07,07/07,0,FY07,1025
SF,67,11 - WHITE,2,0,07/07,08/07,1675,FY08,835
SF,29,11 - WHITE,2,0,07/07,08/07,0,FY08,936
SF,0,0 - NON-PROFIT,0,0,08/07,08/11,102489.3203125,FY12,591
SF,37,12 - BLACK/AFRICAN AMER,3,0,09/07,09/07,0,FY08,748
SF,55,11 - WHITE,7,1,11/07,06/08,39366.80078125,FY08,339
SF,27,11 - WHITE,4,0,11/07,02/09,31495,FY09,743
SF,44,11 - WHITE,2,0,12/07,01/08,5650,FY08,411
SF,25,11 - WHITE,3,0,11/07,01/08,9275,FY08,1012
SF,36,11 - WHITE,2,0,12/07,12/07,0,FY08,1044
SF,29,13 - ASIAN,1,1,10/07,11/07,2542,FY08,348
SF,66,11 - WHITE,2,0,01/07,06/07,24479,FY07,888
SF,27,11 - WHITE,4,0,10/07,06/08,20928,FY08,69
SF,0,0 - NON-PROFIT,0,0,10/07,06/09,157462.296875,FY09,590
SF,0,0 - NON-PROFIT,0,0,10/07,,0,FY10,187
SF,0,0 - NON-PROFIT,0,0,10/07,,0,FY10,188
SF,0,20 - OTHER MULTI-RACIAL,10,0,10/07,06/08,94700,FY08,283
SF,55,11 - WHITE,1,0,10/07,09/08,39728,FY09,674
SF,74,12 - BLACK/AFRICAN AMER,2,0,10/07,10/07,5895,FY08,1041
SF,33,11 - WHITE,2,0,10/07,10/07,325,FY08,306
SF,58,20 - OTHER MULTI-RACIAL,1,0,07/07,07/07,0,FY08,53
SF,71,11 - WHITE,2,0,06/07,07/07,2400,FY07,920
SF,33,11 - WHITE,3,0,05/07,05/07,0,FY07,816
SF,28,11 - WHITE,1,0,03/07,04/07,0,FY07,516
SF,27,11 - WHITE,3,0,05/07,05/07,0,FY07,86
SF,32,12 - BLACK/AFRICAN AMER,4,0,08/07,08/07,0,FY08,23
SF,35,15 - HAWAIIAN OR PAC ISL,2,0,08/07,09/07,1574,FY08,1011
SF,48,11 - WHITE,2,0,08/07,10/07,22961,FY08,750
SF,40,11 - WHITE,1,0,07/07,08/07,17180,FY08,417
SF,38,11 - WHITE,5,0,08/07,11/07,19921.25,FY08,774
SF,39,12 - BLACK/AFRICAN AMER,4,0,04/07,05/07,1424,FY07,848
SF,39,11 WHITE,4,0,06/09,09/09,11095,FY10,125
SF,0,20 - OTHER MULTI-RACIAL,7,0,06/07,12/07,91700,FY08,562
SF,35,11 - WHITE,3,0,09/07,09/07,0,FY08,307
SF,52,11 - WHITE,1,0,09/07,09/07,17910,FY08,321
SF,25,18 - BLACK/AF AM & WHITE,2,0,04/07,05/07,0,FY07,892
SF,38,12 - BLACK/AFRICAN AMER,4,0,05/07,06/07,0,FY07,832
SF,0,11 - WHITE,1,0,01/07,05/07,147528,FY07,525
SF,0,0 - NON-PROFIT,0,0,06/07,10/08,163872,FY09,596
SF,53,11 - WHITE,2,0,05/07,07/07,22750,FY08,751
SF,23,11 - WHITE,1,0,05/07,06/07,0,FY07,34
RENTAL,0,20 - OTHER MULTI-RACIAL,0,0,06/07,08/07,79885.9921875,FY08,288
SF,59,11 - WHITE,3,0,06/07,08/07,9997,FY08,688
SF,69,12 - BLACK/AFRICAN AMER,1,0,11/08,12/08,5102,FY85,830
SF,50,20 - OTHER MULTI-RACIAL,5,0,05/08,06/08,14043,FY08,881
SF,24,11 - WHITE,3,0,03/07,08/07,25768,FY08,107
SF,46,11 - WHITE,6,0,05/07,06/07,5192,FY07,1059
SF,52,12 - BLACK/AFRICAN AMER,2,0,05/08,09/08,15010,FY09,818
SF,46,11 - WHITE,4,0,07/07,08/07,0,FY08,969
SF,23,11 - WHITE,3,0,09/07,01/08,28520,FY08,37
SF,66,11 - WHITE,1,0,09/07,11/07,7174,FY08,864
SF,41,17 - ASIAN & WHITE,1,0,07/07,10/07,325,FY08,32
SF,73,11 - WHITE,1,0,10/07,06/08,24252,FY08,907
SF,32,11 - WHITE,5,0,10/07,01/08,16305,FY08,175
SF,33,11 - WHITE,3,0,10/07,04/08,8544,FY08,1036
SF,32,11 - WHITE,4,0,09/07,11/07,30675,FY08,2
SF,60,12 - BLACK/AFRICAN AMER,1,0,09/08,11/08,4300,FY09,667
SF,65,12 - BLACK/AFRICAN AMER,1,0,09/08,12/08,28415,FY09,649
SF,0,,0,0,6/87,10/87,12550.349609375,FY88,
SF,51,12 - BLACK/AFRICAN AMER,2,0,10/07,05/08,25875,FY08,132
SF,58,11 - WHITE,1,0,02/07,05/07,25230,FY07,423
SF,23,11 - WHITE,2,0,02/07,03/07,1785,FY07,964
SF,33,11 - WHITE,6,0,03/07,04/07,4630,FY07,853
SF,27,11 - WHITE,1,0,03/07,09/07,34808,FY08,143
SF,73,11 - WHITE,1,1,09/07,01/08,77416.703125,FY08,574
SF,52,11 - WHITE,1,0,09/08,12/08,22233,FY09,755
SF,89,11 - WHITE,1,1,06/08,08/08,30303,FY09,372
SF,54,11 - WHITE,1,0,04/08,11/08,17207,FY09,1065
SF,64,11 - WHITE,1,1,10/08,11/08,11122,FY09,409
SF,38,11 - WHITE,2,0,04/08,08/08,15232,FY09,1077
RENTAL,0,11 - WHITE,0,1,05/08,08/08,375,FY09,429
SF,32,18 - BLACK/AF AM & WHITE,3,0,03/09,06/09,0,FY09,770
RENTAL,36,11 - WHITE,,1,09/08,07/09,14965,FY10,458
RR,51,11 - WHITE,0,0,03/09,07/09,13090,FY10,39
RENTAL,45,11 - WHITE,0,1,05/09,12/09,34250,FY10,424
SF,31,12 - BLACK/AFRICAN AMER,2,0,12/09,12/09,2589,FY10,857
RENTAL,40,11 - WHITE,0,1,09/08,06/09,19689,FY09,373
RENTAL,65,11 - WHITE,0,0,02/09,06/09,9355,FY09,595
SF,64,12 - BLACK/AFRICAN AMER,1,0,05/08,08/08,17435,FY09,812
SF,80,11 - WHITE,1,0,09/07,04/08,23218,FY08,690
SF,29,11 - WHITE,2,0,07/12,07/12,0,FY13,528
RENTAL,53,11 - WHITE,,0,05/12,10/12,8820,FY13,922
RENTAL,53,11 - WHITE,,0,06/12,11/12,5850,FY13,1099
SF,0,0 - NON-PROFIT,0,0,10/09,04/12,50000,FY12,784
RENTAL,50,12 - BLACK/AFRICAN AMER,0,1,06/09,02/10,15850,FY10,196
SF,25,12 - BLACK/AFRICAN AMER,1,0,08/09,08/09,0,FY10,795
RENTAL,41,11 - WHITE,0,0,11/08,04/09,12250,FY09,614
SF,40,11 - WHITE,5,0,02/09,08/09,24620,FY10,782
SF,32,12 - BLACK/AFRICAN AMER,4,0,11/09,03/10,20135,FY04,820
RENTAL,,11 - WHITE,,0,06/11,11/11,355,FY12,828
SF,44,11 - WHITE,2,0,11/11,12/11,0,FY12,558
SF,,11 - WHITE,2,0,06/11,07/11,0,FY12,874
RENTAL,1,11 - WHITE,0,0,12/08,06/09,375,FY09,695
SF,59,11 - WHITE,2,0,02/08,10/08,18128,FY09,38
SF,91,11 - WHITE,1,0,08/08,10/08,16240,FY09,45
RENTAL,50,12 - BLACK/AFRICAN AMER,0,1,06/09,12/09,18520,FY10,208
RENTAL,52,11 - WHITE,0,0,07/09,12/09,2795,FY10,533
RENTAL,49,11 - WHITE,0,1,05/09,12/09,31500,FY10,581
RENTAL,30,11 - WHITE,0,0,06/09,12/09,9200,FY10,744
SF,74,11 - WHITE,2,0,01/08,11/08,25534,FY09,266
RENTAL,39,11 - WHITE,0,0,05/08,09/08,29775,FY09,242
SF,32,11 - WHITE,7,0,07/08,11/08,6094,FY09,919
SF,50,11 - WHITE,1,0,05/09,06/09,0,FY09,1040
SF,28,11 - WHITE,1,0,04/08,12/08,325,FY09,1005
SF,43,12 - BLACK/AFRICAN AMER,3,0,12/09,12/09,0,FY10,1072
RENTAL,40,11 - WHITE,0,0,01/08,03/08,9470,FY08,686
SF,34,11 - WHITE,4,0,05/08,0309,375,FY09,484
SF,26,11 - WHITE,2,0,01/08,01/08,0,FY08,1060
SF,26,11 - WHITE,1,0,02/08,04/08,0,FY08,1050
SF,39,12 - BLACK/AFRICAN AMER,3,0,04/09,05/09,0,FY09,21
SF,56,11 - WHITE,1,0,12/10,09/11,22187,FY12,842
RENTAL,51,12 - BLACK/AFRICAN AMER,,1,09/11,07/11,22625,FY12,377
SF,48,11 - WHITE,1,0,04/11,11/11,27255,FY12,1018
SF,55,11 - WHITE,1,0,04/11,11/11,15335,FY12,779
SF,31,12 - BLACK/AFRICAN AMER,2,0,09/11,11/11,0,FY12,178
SF,33,11 - WHITE,2,0,08/11,11/11,0,FY12,732
RENTAL,59,12 - BLACK/AFRICAN AMER,,1,01/11,10/11,21050,FY12,209
SF,84,12 - BLACK/AFRICAN AMER,1,1,02/11,11/11,24635,FY12,469
SF,28,12 - BLACK/AFRICAN AMER,1,0,06/09,06/09,0,FY09,856
SF,35,11 - WHITE,3,0,03/08,06/09,30315,FY09,271
RENTAL,48,11 - WHITE,,0,04/14,08/14,11144,FY15,102
RENTAL,64,13 - ASIAN,,1,11/13,07/14,12442,FY15,430
RENTAL,61,13 - ASIAN,,1,10/13,08/14,14500,FY15,431
SF,,0 - NON-PROFIT,,0,06/12,07/13,120468,FY14,1049
RENTAL,84,11 - WHITE,,1,07/11,06/12,42782,FY12,194
SF,26,11 - WHITE,1,0,05/12,06/12,0,FY12,74
SF,44,12 - BLACK/AFRICAN AMER,4,0,01/10,01/10,0,FY10,42
RENTAL,52,12 - BLACK/AFRICAN AMER,,0,03/11,02/12,15080,FY12,506
SF,55,11 - WHITE,2,0,01/08,05/08,41076,FY08,123
RENTAL,35,18 - BLACK/AF AM & WHITE,,0,08/13,01/13,710,FY13,676
RENTAL,40,11 - WHITE,0,1,09/08,06/09,17124,FY09,580
SF,54,11 - WHITE,2,0,10/08,11/08,3537,FY09,970
SF,33,12 - BLACK/AFRICAN AMER,1,0,06/08,07/08,5605,FY09,8
SF,44,20 - OTHER MULTI-RACIAL,1,0,08/13,10/13,13690,FY14,291
RENTAL,0,11 - WHITE,0,1,12/08,06/09,675,FY09,370
SF,0,0 - NON-PROFIT,0,0,06/09,10/10,141700.78125,FY11,465
SF,46,11 - WHITE,1,0,06/07,10/08,0,FY09,596
SF,58,11 - WHITE,1,0,06/09,06/09,0,FY09,96
SF,19,11 - WHITE,1,0,07/12,09/12,0,FY13,906
RENTAL,69,11 - WHITE,,0,09/14,06/13,8167,FY13,354
SF,,0 - NON-PROFIT,,0,02/12,07/13,12342.4404296875,FY14,1046
SF,29,11 - WHITE,1,0,06/13,07/13,0,FY14,273
SF,85,12 - BLACK/AFRICAN AMER,2,0,05/07,07/07,30506,FY08,519
RENTAL,,11 - WHITE,0,1,05/08,06/08,750,FY08,218
SF,31,11 - WHITE,4,1,04/08,08/08,15355,FY09,456
RENTAL,0,11 - WHITE,0,0,04/10,07/10,12300,FY11,662
RENTAL,0,11 - WHITE,0,0,05/08,07/08,375,FY09,613
RENTAL,0,11 - WHITE,0,0,05/08,06/08,375,FY08,745
SF,55,11 - WHITE,2,0,01/10,06/10,25993,FY10,985
RENTAL,,0 - NON-PROFIT,0,0,08/09,12/09,1450,FY10,941
RENTAL,43,11 - WHITE,0,1,06/09,12/09,6769,FY10,216
RENTAL,33,11 - WHITE,0,0,05/09,12/09,13130,FY10,632
SF,22,11 - WHITE,1,0,05/08,05/08,0,FY08,778
RENTAL,0,11 - WHITE,0,0,04/10,08/10,24795,FY11,653
RENTAL,0,11 - WHITE,0,1,05/08,08/08,975,FY09,222
RENTAL,0,11 - WHITE,0,1,05/08,08/08,975,FY09,223
RENTAL,0,11 - WHITE,0,0,05/08,06/08,375,FY08,777
SF,42,11 - WHITE,3,0,02/08,03/08,6564,FY08,1009
SF,26,11 - WHITE,2,0,08/13,08/13,0,FY14,819
SF,21,11 - WHITE,2,1,11/12,08/13,27912,FY14,352
SF,56,11 - WHITE,1,0,08/12,09/13,0,FY14,934
SF,26,20 - OTHER MULTI-RACIAL,1,0,07/13,08/13,0,FY14,917
RENTAL,,11 - WHITE,0,1,12/07,03/08,750,FY08,494
RENTAL,,11 - WHITE,0,0,05/08,07/08,375,FY09,664
SF,30,11 - WHITE,4,0,10/09,11/09,0,FY10,980
SF,63,11 - WHITE,,1,11/12,06/13,8355,FY13,198
SF,27,11 - WHITE,4,0,03/13,06/13,0,FY13,984
RENTAL,41,11 - WHITE,0,0,08/12,06/13,11934,FY13,315
SF,0,0,0,0,05/12,08/13,100422,FY14,819
SF,35,13 - ASIAN,6,0,07/13,07/13,0,FY13,513
RENTAL,53,11 - WHITE,,0,06/12,09/12,355,FY13,637
SF,0,0 - NON-PROFIT,,0,07/09,09/12,107897.8984375,FY13,906
RENTAL,50,13 - ASIAN,,0,08/12,09/12,710,FY13,1026
SF,34,11 - WHITE,2,0,05/12,07/13,20570,FY14,860
SF,46,11 - WHITE,1,0,12/08,04/09,3865,FY09,128
SF,,0 - NON-PROFIT,,0,09/12,04/14,63544.41015625,FY14,1045
SF,53,12 - BLACK/AFRICAN AMER,2,0,07/13,12/13,0,FY13,557
SF,60,11 - WHITE,1,0,07/13,06/14,23498,FY14,799
SF,56,11 - WHITE,1,0,04/08,11/08,17895,FY09,256
RENTAL,62,11 - WHITE,1,0,06/08,11/08,18112,FY09,285
SF,48,11 - WHITE,3,0,05/08,11/08,450,FY09,788
RENTAL,,NONE,,0,05/08,06/08,375,FY08,1
SF,54,12 - BLACK/AFRICAN AMER,2,1,05/07,05/07,22970,FY07,498
SF,46,12 - BLACK/AFRICAN AMER,1,0,07/09,07/09,0,FY10,887
SF,42,12 - BLACK/AFRICAN AMER,3,0,05/09,05/09,0,FY09,590
SF,29,11 - WHITE,2,0,03/09,04/09,0,FY09,393
RENTAL,54,12 - BLACK/AFRICAN AMER,,1,10/12,06/13,21060,FY13,231
RENTAL,75,11 - WHITE,,0,05/12,01/13,8196,FY13,617
SF,45,20 - OTHER MULTI-RACIAL,12,0,03/12,06/12,0,FY12,1058
RENTAL,52,11 - WHITE,0,0,08/09,12/09,7885,FY10,767
RENTAL,37,11 - WHITE,0,1,06/09,01/10,7140,FY10,709
RENTAL,27,11 - WHITE,0,0,06/09,12/09,3970,FY10,85
SF,32,11 - WHITE,6,0,05/09,01/10,43360,FY10,313
SF,30,11 - WHITE,2,0,11/09,11/09,0,FY10,1094
SF,,0 - NON-PROFIT,,0,07/13,06/13,78005.5,FY14,711
SF,22,11 - WHITE,1,0,06/14,07/14,,FY15,1068
SF,0,0 - NON-PROFIT,,0,07/13,07/14,42413.8984375,FY15,1068
SF,30,11 - WHITE,4,0,06/13,08/14,0,FY15,566
SF,0,0 - NON-PROFIT,,0,06/13,08/14,150150.515625,FY15,566
RENTAL,58,13 - ASIAN,0,1,05/08,09/08,675,FY09,443
RENTAL,58,13 - ASIAN,0,1,05/08,09/08,675,FY09,442
SF,35,11 - WHITE,5,0,05/13,09/13,0,FY14,1033
SF,36,12 - BLACK/AFRICAN AMER,4,0,08/13,08/13,0,FY14,142
SF,27,11 - WHITE,1,0,07/13,08/13,0,FY14,303
SF,41,11 - WHITE,2,0,12/08,6/09,22521,FY09,51
SF,58,11 - WHITE,3,0,05/08,06/09,22756.5,FY09,624
SF,64,11 - WHITE,2,1,04/08,06/09,24045,FY09,452
RENTAL,49,11 - WHITE,0,0,04/09,10/09,375,FY10,302
RENTAL,66,11 - WHITE,0,1,06/09,12/09,375,FY10,232
SF,60,11 - WHITE,1,0,06/09,07/09,22464.83984375,FY10,1035
SF,50,12 - BLACK/AFRICAN AMER,1,0,01/09,07/09,25099,FY10,154
RENTAL,29,11 - WHITE,,1,10/08,07/09,17200,FY10,228
SF,34,11 - WHITE,1,0,07/09,08/09,0,FY10,199
SF,60,11 - WHITE,3,0,09/09,09/09,0,FY10,821
SF,37,11 - WHITE,3,0,04/08,06/08,25548,FY08,721
SF,34,4 HISPANIC,3,0,9/98,11/98,0,FY99,987
SF,39,20 - OTHER MULTI-RACIAL,1,0,03/14,06/14,4494,FY14,941
SF,26,12 - BLACK/AFRICAN AMER,1,0,10/09,11/09,0,FY10,176
RENTAL,61,11 - WHITE,0,1,05/09,11/09,6960,FY10,206
SF,40,11 - WHITE,1,0,11/09,12/09,0,FY10,1051
SF,43,11 - WHITE,1,0,07/09,11/09,5880,FY10,789
RENTAL,39,20 - OTHER MULTI-RACIAL,0,0,01/08,03/08,6360,FY08,286
RENTAL,46,11 - WHITE,0,1,02/08,05/08,17345,FY08,494
SF,59,14 - AMER INDIAN,1,0,06/13,07/13,7310,FY14,607
RENTAL,39,11 - WHITE,0,1,05/08,11/08,11466,FY09,582
RENTAL,53,11 - WHITE,,0,07/11,06/12,26679,FY12,293
RENTAL,62,17 - ASIAN & WHITE,,1,03/11,06/12,191703,FY12,197
RENTAL,40,11 - WHITE,,0,01/08,04/08,8000,FY08,94
RENTAL,24,11 - WHITE,,0,08/12,11/12,355,FY13,372
RENTAL,51,11 - WHITE,,0,05/12,11/12,3795,FY13,752
RENTAL,52,11 - WHITE,,0,05/12,11/12,20850,FY13,609
RENTAL,32,11 - WHITE,,1,04/12,11/12,27261,FY13,214
RENTAL,,11 - WHITE,,0,04/10,06/10,8375,FY10,505
SF,38,12 - BLACK/AFRICAN AMER,4,0,04/10,04/10,0,FY10,11
SF,30,11 - WHITE,5,0,12/08,02/09,0,FY09,995
SF,47,11 - WHITE,3,0,06/09,10/09,13584,FY11,749
SF,59,11 - WHITE,1,0,11/09,06/10,26067,FY10,400
RENTAL,54,11 - WHITE,,0,01/13,09/13,11820,FY14,295
RENTAL,64,11 - WHITE,,0,04/10,07/10,1315,FY11,663
RENTAL,70,11 - WHITE,,0,10/12,09/13,25371,FY14,281
SF,,12 - BLACK/AFRICAN AMER,3,0,04/10,04/10,0,FY10,35
SF,,0 - NON-PROFIT,0,0,12/13,10/14,127767.7578125,FY15,875
SF,36,11 - WHITE,5,0,07/09,10/09,375,FY10,171
RENTAL,49,12 - BLACK/AFRICAN AMER,0,1,05/09,10/09,9620,FY10,165
SF,33,11 - WHITE,4,0,05/09,10/09,24880,FY10,54
RENTAL,53,12 - BLACK/AFRICAN AMER,,1,05/12,11/12,29115,FY13,227
SF,26,12 - BLACK/AFRICAN AMER,3,0,10/12,11/12,0,FY13,900
RENTAL,52,11 - WHITE,,0,08/12,11/12,8145,FY13,415
SF,20,20 - OTHER MULTI-RACIAL,2,0,09/12,11/12,0,FY13,677
SF,22,11 - WHITE,4,0,09/12,11/12,0,FY13,736
SF,55,12 - BLACK/AFRICAN AMER,2,0,12/12,12/12,0,FY13,1020
RENTAL,56,11 - WHITE,,0,05/12,12/12,5695,FY13,947
SF,56,12 - BLACK/AFRICAN AMER,1,0,05/13,10/13,3224,FY14,818
F,31,11 - WHITE,6,0,06/08,08/08,27180,FY09,739
SF,,0 - NON-PROFIT,,0,02/12,12/12,55000,FY14,570
RENTAL,52,12 - BLACK/AFRICAN AMER,,0,05/12,06/12,355,FY12,211
RENTAL,44,11 - WHITE,,0,05/12,09/12,7875,FY13,144
SF,31,11 - WHITE,4,0,03/10,03/10,0,FY10,311
SF,32,11 - WHITE,2,0,04/10,04/10,0,FY10,860
RENTAL,50,11 - WHITE,,0,04/09,04/10,1975,FY10,302
SF,54,11 - WHITE,1,0,02/09,03/10,24180,FY10,863
SF,,20 - OTHER MULTI-RACIAL,3,0,12/08,08/09,93050.0078125,FY10,249
SS,31,11 - WHITE,1,0,07/09,08/09,0,FY10,189
SF,6,11 - WHITE,1,0,03/12,04/12,0,FY12,1008
RENTAL,,11 - WHITE,0,0,05/08,06/08,375,FY08,502
RENTAL,,11 - WHITE,0,1,05/08,06/08,750,FY08,219
SF,53,12 - BLACK/AFRICAN AMER,1,0,05/12,06/12,0,FY12,1043
SF,26,11 - WHITE,2,0,01/08,01/08,0,FY08,773
SF,32,11 - WHITE,4,1,04/08,11/08,23970,FY09,328
SF,27,12 - BLACK/AFRICAN AMER,2,0,02/08,12/08,29316,FY09,810
SF,33,11 - WHITE,1,0,02/13,03/13,0,FY13,14
RENTAL,50,13 - ASIAN,,1,07/12,03/13,12750,FY13,349
SF,21,12 - BLACK/AFRICAN AMER,1,0,04/09,04/09,0,FY09,67
RENTAL,52,11 - WHITE,,1,06/12,04/13,24746,FY13,583
SF,63,20 - OTHER MULTI-RACIAL,7,0,06/13,09/13,0,FY14,909
SF,66,11 - WHITE,1,0,06/13,06/14,41120,FY14,712
RENTAL,75,11 - WHITE,,0,05/14,08/14,11940,FY15,476
RENTAL,52,11 - WHITE,,0,07/12,10/12,355,FY13,485
RENTAL,52,11 - WHITE,,0,05/12,10/12,22905,FY13,573
SF,43,11 - WHITE,6,0,09/12,10/12,0,FY13,159
RENTAL,33,11 - WHITE,0,0,05/09,08/09,375,FY10,725
SF,31,12 - BLACK/AFRICAN AMER,5,0,03/11,03/11,2039,FY11,1029
RENTAL,40,11 - WHITE,0,1,02/08,09/08,22748,FY09,233
SF,0,0 - NON-PROFIT,0,1,12/07,08/09,135490,FY10,199
RENTAL,50,11 - WHITE,,1,08/13,06/14,28730,FY14,222
SF,,NONE,,0,05/08,06/08,375,FY08,757
RENTAL,,11 - WHITE,,0,05/08,08/10,1800,FY11,668
SF,36,11 - WHITE,2,0,04/08,10/08,19060,FY09,999
SF,75,12 - BLACK/AFRICAN AMER,3,0,08/14,08/14,0,FY15,918
SF,0,0 - NON-PROFIT,,0,12/13,08/14,122505.9765625,FY15,918
SF,56,11 - WHITE,2,0,3/09,4/09,2635,FY09,58
RENTAL,52,11 - WHITE,,1,05/12,11/12,16840,FY13,564
RENTAL,54,12 - BLACK/AFRICAN AMER,,1,10/13,08/14,15595,FY15,378
RENTAL,54,11 - WHITE,,0,07/14,08/14,475,FY15,877
RENTAL,54,11 - WHITE,,0,02/14,07/14,4150,FY15,608
SF,,0 - NON-PROFIT,,0,02/12,02/13,236077.515625,FY13,916
RENTAL,35,11 - WHITE,,1,12/12,03/13,355,FY13,579
SF,56,12 - BLACK/AFRICAN AMER,1,0,06/12,06/12,0,FY12,7
RENTAL,35,11 - WHITE,,1,05/11,08/12,12740,FY13,437
SF,23,11 - WHITE,1,0,07/12,08/12,0,FY13,829
RENTAL,51,11 - WHITE,,0,02/12,07/12,7990,FY13,92
RENTAL,69,11 - WHITE,,0,03/12,07/12,9615,FY13,680
RENTAL,45,11 - WHITE,,0,03/12,07/12,11770,FY13,262
RENTAL,51,11 - WHITE,,0,05/12,08/12,3770,FY13,292
RENTAL,52,11 - WHITE,,1,04/12,08/12,355,FY13,384
SF,0,0 - NON-PROFIT,,0,01/12,10/12,84583.6015625,FY13,159
RENTAL,70,11 - WHITE,,0,03/12,08/12,355,FY13,702
SF,34,11 - WHITE,1,0,05/08,09/08,22345,FY09,1064
SF,63,11 - WHITE,1,0,08/08,10/08,5948,FY09,619
SF,30,11 - WHITE,0,0,05/08,09/08,9295,FY09,965
SF,29,11 - WHITE,1,0,02/12,03/12,0,FY12,704
SF,67,12 - BLACK/AFRICAN AMER,1,0,07/07,08/07,36769,FY07,927
SF,20,11 - WHITE,2,0,05/12,06/12,0,FY12,592
SF,39,12 - BLACK/AFRICAN AMER,3,0,07/10,10/10,0,FY11,873
RENTAL,,11 - WHITE,,0,04/10,07/10,1315,FY11,663
OTHER,0,11 - WHITE,,0,07/09,07/10,0,FY11,589
SF,53,11 - WHITE,1,0,05/12,06/12,0,FY12,89
SF,,0 - NON-PROFIT,,0,05/11,06/12,50000,FY12,1056
RENTAL,37,11 - WHITE,6,0,02/08,04/08,22775,FY08,253
SF,26,11 - WHITE,2,0,02/08,03/08,6295,FY08,905
SF,30,11 - WHITE,2,0,02/08,04/08,3980,FY08,117
SF,80,11 - WHITE,1,0,05/08,09/08,11313.2001953125,FY09,937
SF,43,11 - WHITE,3,0,11/07,06/08,33587,FY08,896
SF,31,20 - OTHER MULTI-RACIAL,5,0,12/07,06/08,24721,FY08,267
SF,24,12 - BLACK/AFRICAN AMER,1,0,02/10,03/10,0,FY10,884
RENTAL,51,11 - WHITE,0,1,05/08,05/09,22687,FY09,433
RENTAL,61,11 - WHITE,0,0,05/08,06/08,375,FY08,678
RENTAL,53,11 - WHITE,,0,06/12,05/13,10750,FY13,296
RENTAL,30,11 - WHITE,,1,05/09,04/10,29696,FY10,473
SF,0,0 - NON-PROFIT,,0,10/12,09/13,65071.58984375,FY14,909
SF,50,13 - ASIAN,4,0,10/13,10/13,0,FY14,138
RENTAL,60,11 - WHITE,,0,03/12,09/12,16261,FY13,612
SF,33,11 - WHITE,3,0,08/09,09/09,0,FY10,70
SF,68,11 - WHITE,1,0,05/10,07/10,16400,FY11,754
SF,33,14 - AMER INDIAN,2,0,12/09,06/10,25440,FY10,56
SF,37,11 - WHITE,3,0,06/10,06/10,0,FY10,989
SF,26,11 - WHITE,2,0,06/10,06/10,0,FY10,84
SF,45,20 - OTHER MULTI-RACIAL,1,1,12/07,09/08,52548,FY09,342
SF,24,11 - WHITE,1,0,07/08,09/08,5618,FY09,305
SF,0,0 - NON-PROFIT,0,0,01/08,04/08,325,FY09,507
SF,48,11 - WHITE,3,0,04/10,06/10,4045,FY10,31
RENTAL,50,12 - BLACK/AFRICAN AMER,0,1,07/09,06/10,17510,FY10,220
RENTAL,50,12 - BLACK/AFRICAN AMER,0,1,06/09,06/10,17225,FY10,470
SF,77,12 - BLACK/AFRICAN AMER,2,0,12/09,06/10,24705,FY10,714
RENTAL,0,0 - NON-PROFIT,0,0,08/09,09/09,375,FY10,825
RENTAL,40,11 - WHITE,,0,06/14,10/14,12785,FY15,389
SF,,0 - NON-PROFIT,,0,05/14,11/14,50483.01953125,FY15,981
SF,27,11 - WHITE,6,0,08/14,11/14,0,FY15,981
SF,0,0 - NON-PROFIT,,0,07/14,11/14,70000,FY15,982
SF,46,12 - BLACK/AFRICAN AMER,12,0,06/14,11/14,0,FY15,982
SF,56,11 - WHITE,,0,08/14,11/14,11540,FY14,462
SF,55,11 - WHITE,,0,05/14,11/14,12460,FY14,734
SF,,0 - NON-PROFIT,,0,02/14,12/14,97733,FY15,83
SF,29,11 - WHITE,5,0,05/15,07/15,17702,FY16,480
SF,0,0 - NON-PROFIT,0,0,10/09,12/09,103262.9765625,FY10,42
SF,52,11 - WHITE,1,0,10/14,10/14,0,FY15,875
SF,0,0 - NON-PROFIT,,0,08/14,09/15,170407,FY16,261
SF,44,11 - WHITE,1,0,09/15,09/15,0,FY16,261
SF,28,11 - WHITE,1,0,10/15,11/15,0,FY16,1030
SF,26,11 - WHITE,1,0,10/15,11/15,0,FY16,553
SF,26,11 - WHITE,1,0,05/15,11/15,11645,FY16,526
RENTAL,59,11 - WHITE,,0,12/13,03/14,5685,FY14,601
SF,62,11 - WHITE,1,0,11/09,11/09,0,FY10,675
RENTAL,,11 - WHITE,,1,06/09,06/10,18111,FY10,200
SF,27,11 - WHITE,1,0,10/09,08/10,26395,FY11,699
RENTAL,0,11 - WHITE,,0,04/10,05/10,700,FY10,1022
RENTAL,40,11 - WHITE,,1,12/08,07/10,62349,FY11,237
RENTAL,,11 - WHITE,,1,07/09,03/10,11025,FY10,240
SF,39,11 - WHITE,2,0,12/09,08/10,37320,FY11,627
RENTAL,50,12 - BLACK/AFRICAN AMER,,1,07/09,04/10,11960,FY10,185
SF,40,18 - BLACK/AF AM & WHITE,1,0,04/10,06/10,0,FY10,1019
SF,73,12 - BLACK/AFRICAN AMER,2,0,12/09,05/10,7205,FY10,134
SF,62,11 - WHITE,1,0,11/09,05/10,41368,FY10,547
SF,,11 - WHITE,,0,02/11,08/11,9340,FY12,488
RENTAL,50,12 - BLACK/AFRICAN AMER,,1,07/09,05/10,17270,FY10,459
SF,34,11 - WHITE,3,1,10/08,07/09,27098,FY10,556
SF,73,11 - WHITE,1,1,01/08,07/09,41877,FY10,340
SF,62,11 - WHITE,1,0,05/08,06/09,34061,FY09,975
SF,69,11 - WHITE,1,0,06/09,07/09,7840,FY10,569
SF,25,15 - HAWAIIAN OR PAC ISL,1,0,07/09,08/09,0,FY10,957
SF,57,12 - BLACK/AFRICAN AMER,2,0,02/08,04/08,1825,FY08,836
SF,,11 - WHITE,2,0,09/11,09/11,0,FY12,1047
SF,30,11 - WHITE,1,0,09/11,10/11,0,FY12,316
SF,29,12 - BLACK/AFRICAN AMER,5,0,09/11,10/11,0,FY12,785
SF,79,11 - WHITE,1,0,10/11,12/11,6955,FY12,246
SF,68,11 - WHITE,2,0,05/11,12/11,13660,FY12,1016
SF,52,11 - WHITE,1,0,05/08,07/08,5620,FY09,324
SF,34,11 - WHITE,5,0,05/08,06/08,375,FY08,802
RENTAL,,11 - WHITE,,0,08/08,04/09,13925,FY09,290
SF,27,11 - WHITE,3,0,04/12,05/12,0,FY12,771
RENTAL,55,11 - WHITE,,0,02/14,05/14,4315,FY14,90
RENTAL,39,11 - WHITE,,0,02/14,06/14,475,FY14,656
RENTAL,52,11 - WHITE,,0,06/12,02/13,6680,FY13,174
RENTAL,53,11 - WHITE,,0,09/12,03/13,355,FY13,397
RENTAL,61,11 - WHITE,,0,11/12,03/13,355,FY13,737
SF,51,20 - OTHER MULTI-RACIAL,2,0,06/12,06/12,0,FY12,660
SF,66,11 - WHITE,3,0,06/08,07/08,5810,FY09,990
RENTAL,45,11 - WHITE,,0,09/11,02/12,8154,FY12,694
SF,53,12 - BLACK/AFRICAN AMER,6,0,09/13,06/14,25102,FY14,827
SF,65,12 - BLACK/AFRICAN AMER,1,0,07/13,06/14,22870,FY14,926
RENTAL,51,13 - ASIAN,,0,12/12,06/13,1235,FY13,844
RENTAL,67,12 - BLACK/AFRICAN AMER,,0,05/12,05/13,33581,FY13,684
SF,25,20 - OTHER MULTI-RACIAL,3,0,04/13,05/13,0,FY13,1034
RENTAL,68,11 - WHITE,,0,09/13,05/13,13805,FY13,280
RENTAL,54,12 - BLACK/AFRICAN AMER,,1,10/12,05/13,19123,FY13,213
SF,42,11 - WHITE,1,0,10/08,05/09,30595,FY09,62
SF,26,11 - WHITE,1,0,08/10,09/10,0,FY11,483
SF,,11 - WHITE,4,0,03/14,03/14,0,FY14,170
SF,20,20 - OTHER MULTI-RACIAL,2,0,02/14,03/14,0,FY14,711
SF,51,11 - WHITE,2,0,06/11,08/11,0,FY12,591
SF,65,11 - WHITE,2,0,02/14,03/14,0,FY14,1054
SF,32,12 - BLACK/AFRICAN AMER,4,0,05/09,05/09,0,FY09,22
SF,52,11 - WHITE,1,0,03/09,09/09,27301,FY10,157
RENTAL,36,11 - WHITE,0,0,09/08,06/09,14965,FY09,458
SF,26,11 - WHITE,2,0,11/08,08/09,35055,FY10,696
RENTAL,57,12 - BLACK/AFRICAN AMER,0,0,03/09,09/09,18401,FY10,155
SF,56,11 - WHITE,4,0,04/09,11/09,12804,FY10,401
RENTAL,44,11 - WHITE,0,0,09/09,11/08,7385,FY09,61
SF,45,11 - WHITE,1,0,12/14,12/14,0,FY15,783
SF,64,11 - WHITE,1,0,08/12,11/12,10058,FY13,852
SF,0,0 - NON-PROFIT,,0,04/11,02/12,698,FY12,593
SF,20,12 - BLACK/AFRICAN AMER,1,0,02/08,03/08,0,FY08,1052
RENTAL,48,11 - WHITE,0,0,03/08,04/08,8605,FY08,796
SF,29,11 - WHITE,3,0,08/09,09/09,0,FY10,65
SF,23,11 - WHITE,4,0,04/08,04/08,0,FY08,68
SF,36,12 - BLACK/AFRICAN AMER,2,0,06/13,08/13,2800,FY14,949
SF,29,11 - WHITE,3,0,08/13,09/13,0,FY14,992
SF,29,11 - WHITE,4,0,08/13,09/13,0,FY14,940
SF,0,0 - NON-PROFIT,,0,11/12,09/13,85963.6171875,FY14,99
SF,31,12 - BLACK/AFRICAN AMER,4,0,08/13,09/13,0,FY14,99
SF,65,12 - BLACK/AFRICAN AMER,2,0,11/13,08/14,30700,FY15,418
RENTAL,54,11 - WHITE,,0,04/14,08/14,13000,FY15,300
RENTAL,54,11 - WHITE,,0,06/14,07/14,475,FY15,851
SF,70,11 - WHITE,3,0,04/13,09/13,12486,FY14,727
SF,67,12 - BLACK/AFRICAN AMER,1,0,01/08,04/08,6985,FY08,497
SF,30,11 - WHITE,2,0,04/09,09/09,12592,FY10,88
SF,45,11 - WHITE,1,0,01/09,02/09,2920,FY09,28
RENTAL,,0 - NON-PROFIT,,0,08/09,07/10,38900,FY11,312
RENTAL,57,11 - WHITE,,0,07/14,10/14,7682,FY15,239
RENTAL,35,12 - BLACK/AFRICAN AMER,,0,04/14,09/14,11070,FY15,120
RENTAL,54,11 - WHITE,,0,04/14,07/14,1865,FY15,422
SF,43,11 - WHITE,3,0,06/14,09/14,27501,FY15,951
RENTAL,62,11 - WHITE,,0,09/14,10/14,8015,FY15,464
RENTAL,54,11 - WHITE,,0,04/14,10/14,10810,FY15,643
RENTAL,62,11 - WHITE,,0,05/14,10/14,8620,FY15,380
SF,65,11 - WHITE,1,0,09/14,10/14,9965,FY15,718
RENTAL,62,11 - WHITE,,0,07/14,10/14,7550,FY15,202
RENTAL,56,11 - WHITE,,0,08/14,10/14,13190,FY15,577
SF,50,11 - WHITE,1,0,04/09,10/09,5200,FY10,172
SF,25,11 - WHITE,1,0,08/09,09/09,0,FY10,59
RENTAL,42,11 - WHITE,0,1,11/08,09/09,24045,FY10,217
RENTAL,61,11 - WHITE,0,0,06/09,10/09,700,FY10,561
RENTAL,36,11 - WHITE,0,1,03/09,09/09,27850,FY10,468
SF,26,11 - WHITE,3,0,07/09,10/09,375,FY10,716
SF,67,11 - WHITE,1,0,07/15,09/15,7865.5,FY16,968
SF,56,11 - WHITE,1,0,02/14,04/14,9245,FY14,622
SF,35,20 - OTHER MULTI-RACIAL,4,0,01/10,02/10,0,FY10,10
SF,34,12 - BLACK/AFRICAN AMER,1,0,11/08,11/08,0,FY09,950
SF,,0 - NON-PROFIT,,0,06/13,12/14,140581,FY15,783
SF,,0 - NON-PROFIT,,0,04/13,03/15,0,FY15,670
SF,26,11 - WHITE,3,0,09/10,09/10,0,FY11,1069
SF,31,11 - WHITE,6,1,08/08,01/09,375,FY09,552
RENTAL,62,11 - WHITE,,0,09/12,11/12,710,FY13,332
SF,31,11 - WHITE,1,0,01/10,02/10,0,FY10,320
SF,24,11 - WHITE,1,0,03/10,04/10,0,FY10,446
SF,30,11 - WHITE,4,0,03/10,05/10,0,FY10,188
SF,22,11 - WHITE,4,0,03/10,03/10,0,FY10,187
SF,,0 - NON-PROFIT,,0,04/13,03/15,0,FY15,672
RENTAL,63,12 - BLACK/AFRICAN AMER,0,1,01/08,01/08,375,FY08,207
SF,31,11 - WHITE,3,0,04/13,04/13,0,FY13,382
SF,59,11 - WHITE,2,0,04/15,06/15,10280,FY15,248
SF,22,11 - WHITE,1,0,05/11,06/11,24980,FY11,29
SF,34,12 - BLACK/AFRICAN AMER,3,0,12/10,06/11,17179,FY11,1078
SF,50,12 - BLACK/AFRICAN AMER,1,0,11/10,06/11,27705,FY11,118
RENTAL,54,12 - BLACK/AFRICAN AMER,,0,02/11,07/11,15845,FY12,503
SF,34,11 - WHITE,5,0,11/10,07/11,36090,FY12,113
SF,43,20 - OTHER MULTI-RACIAL,3,0,05/11,06/11,0,FY11,707
SF,0,0 - NON-PROFIT,0,0,07/13,05/15,172415,FY15,501
SF,41,11 - WHITE,1,0,03/15,06/15,0,FY15,145
SF,56,11 - WHITE,2,0,06/11,12/11,27649,FY12,879
SF,44,11 - WHITE,2,0,09/13,10/13,0,FY14,512
RENTAL,54,11 - WHITE,,0,05/13,09/13,8850,FY14,640
SF,46,11 - WHITE,2,0,08/13,09/13,3879,FY16,50
SF,,0 - NON-PROFIT,,0,05/12,01/13,136059.40625,FY14,867
RENTAL,36,11 - WHITE,0,0,06/09,09/09,7345,FY10,733
RENTAL,49,11 - WHITE,0,1,03/09,09/09,13475,FY10,588
RENTAL,68,11 - WHITE,0,1,11/08,09/09,27125,FY10,181
SF,36,12 - BLACK/AFRICAN AMER,4,0,05/11,06/11,10367,FY11,809
RENTAL,46,11 - WHITE,0,1,12/08,05/09,375,FY09,344
RR,46,11 - WHITE,0,1,12/09,05/09,375,FY09,345
SF,27,18 - BLACK/AF AM & WHITE,1,0,12/09,06/10,22861,FY10,560
SF,32,11 - WHITE,2,0,09/08,04/09,15660,FY09,703
SF,,0 - NON-PROFIT,,0,05/13,10/13,8969.2197265625,FY14,557
SF,26,12 - BLACK/AFRICAN AMER,1,0,05/09,05/09,0,FY09,550
SF,59,11 - WHITE,1,0,05/08,05/09,29351,FY09,973
SF,80,12 - BLACK/AFRICAN AMER,1,0,01/08,05/09,28360,FY09,845
RENTAL,43,11 - WHITE,,1,09/08,05/09,20635,FY09,466
RENTAL,39,11 - WHITE,,0,09/08,05/09,8605,FY09,599
SF,42,13 - ASIAN,7,0,12/13,12/13,0,FY14,983
SF,46,11 - WHITE,2,0,06/10,12/10,21540,FY11,1073
SF,29,11 - WHITE,1,0,06/10,08/11,19688,FY12,890
SF,56,12 - BLACK/AFRICAN AMER,2,0,10/10,07/11,23420,FY12,869
SF,42,20 - OTHER MULTI-RACIAL,4,0,06/11,08/11,240,FY12,454
SF,61,11 - WHITE,1,0,02/11,08/11,25086,FY12,6
RENTAL,68,11 - WHITE,,0,01/11,07/11,12795,FY12,538
RENTAL,67,11 - WHITE,,1,01/11,08/11,20300,FY12,230
SF,39,14 - AMER INDIAN,1,0,07/11,08/11,6400,FY12,335
SF,58,11 - WHITE,2,0,02/10,12/10,30910,FY11,318
SF,45,12 - BLACK/AFRICAN AMER,1,0,10/09,10/09,0,FY10,846
SF,25,12 - BLACK/AFRICAN AMER,1,0,08/09,08/09,0,FY10,866
SF,25,11 - WHITE,1,0,01/10,11/10,25177,FY11,60
RENTAL,50,12 - BLACK/AFRICAN AMER,0,1,07/09,11/09,13900,FY10,221
RENTAL,,11 - WHITE,0,0,05/08,06/08,675,FY08,346
RENTAL,,11 - WHITE,0,1,05/08,08/10,6698,FY11,578
RENTAL,,11 - WHITE,0,0,05/09,06/09,375,FY09,367
SF,36,11 - WHITE,4,0,04/09,06/09,15120,FY09,151
SF,51,11 - WHITE,5,0,04/09,06/09,3920,FY09,764
SF,36,11 - WHITE,4,0,08/07,10/07,25925,FY08,36
RENTAL,33,11 - WHITE,0,0,07/08,10/08,920,FY09,149
SF,44,11 - WHITE,3,0,10/08,10/08,0,FY09,747
RENTAL,37,11 - WHITE,0,1,05/08,10/08,375,FY09,565
RENTAL,54,11 - WHITE,,0,09/13,03/14,15445,FY14,485
RENTAL,54,11 - WHITE,,0,11/13,03/14,8884,FY14,474
SF,0,12 - BLACK/AFRICAN AMER,6,0,02/09,12/09,83793,FY10,915
RENTAL,50,11 - WHITE,,0,06/11,01/12,10583,FY12,93
SF,42,11 - WHITE,1,0,09/11,01/12,26587,FY12,931
SF,27,11 - WHITE,5,0,03/11,01/12,28475,FY12,49
SF,43,11 - WHITE,1,0,12/11,01/12,4410,FY12,762
RENTAL,37,11 - WHITE,0,0,12/07,06/08,18375,FY08,687
SF,25,11 - WHITE,2,0,01/12,02/12,0,FY12,822
RENTAL,64,11 - WHITE,0,1,09/10,10/10,750,FY10,396
RENTAL,51,11 - WHITE,0,1,05/08,06/08,375,FY08,201
SF,33,11 - WHITE,3,0,03/14,05/14,8410,FY14,763
SF,34,12 - BLACK/AFRICAN AMER,2,0,01/07,06/07,16949,FY07,1053
SF,44,11 - WHITE,1,0,06/10,11/10,25475,FY11,317
RENTAL,51,12 - BLACK/AFRICAN AMER,,0,05/10,11/10,16650,FY11,761
RENTAL,82,11 - WHITE,,0,06/10,11/10,7760,FY11,673
SF,23,11 - WHITE,2,0,03/10,12/10,22855,FY11,177
SF,65,11 - WHITE,1,0,01/16,02/16,385,FY16,718
SF,43,11 - WHITE,2,0,01/16,10/16,39890,FY17,924
SF,55,12 - BLACK/AFRICAN AMER,1,0,12/09,12/10,26223,FY11,116
SF,25,12 - BLACK/AFRICAN AMER,3,0,10/10,12/10,0,FY11,998
SF,52,11 - WHITE,3,0,01/11,01/11,0,FY11,522
SF,50,11 - WHITE,1,0,01/11,2/11,0,FY11,30
RENTAL,51,12 - BLACK/AFRICAN AMER,,0,09/10,01/11,7765,FY11,146
RENTAL,36,11 - WHITE,,1,06/10,01/11,375,FY11,341
SF,42,11 - WHITE,1,0,01/11,02/11,0,FY11,824
SF,53,11 - WHITE,1,0,03/11,03/11,0,FY11,904
SF,53,11 - WHITE,1,0,08/10,04/11,25720,FY11,80
SF,55,11 - WHITE,4,0,07/10,04/11,25876,FY11,276
RENTAL,51,12 - BLACK/AFRICAN AMER,,1,09/10,04/11,12210,FY11,229
RENTAL,40,11 - WHITE,,1,09/10,05/11,375,FY11,359
SF,29,11 - WHITE,3,0,06/10,05/11,26405,FY11,658
RENTAL,46,11 - WHITE,,1,04/10,04/11,24932,FY11,434
SF,35,11 - WHITE,3,0,09/10,05/11,24360,FY11,416
SF,48,11 - WHITE,3,0,07/10,05/11,19725,FY11,889
RENTAL,0,0 - NON-PROFIT,,1,05/10,05/11,14220,FY11,241
RENTAL,49,11 - WHITE,,0,01/14,05/14,5490,FY14,655
SF,34,20 - OTHER MULTI-RACIAL,3,0,04/16,05/16,0,FY16,153
SF,0,0 - NON-PROFIT,,0,07/13,05/16,127294.890625,FY16,153
SF,22,13 - ASIAN,2,0,04/16,05/16,0,FY16,1063
SF,0,0 - NON-PROFIT,,0,04/15,05/16,136347.84375,FY16,1062
SF,0,0 - NON-PROFIT,,0,07/15,06/16,201905,FY16,514
SF,29,11 - WHITE,1,0,05/16,06/16,0,FY16,514
SF,54,12 - BLACK/AFRICAN AMER,1,0,06/16,07/16,0,FY17,914
SF,0,0 - NON-PROFIT,,0,04/15,07/16,144671.796875,FY17,914
SF,42,13 - ASIAN,4,0,03/16,08/16,41570,FY17,814
SF,67,11 - WHITE,3,0,05/11,07/11,0,FY12,1071
RENTAL,54,11 - WHITE,,0,06/14,09/14,9445,FY15,859
RENTAL,54,11 - WHITE,,0,04/14,09/14,12832,FY15,205
RENTAL,88,12 - BLACK/AFRICAN AMER,,0,07/14,10/14,3088,FY15,294
RENTAL,54,11 - WHITE,,0,06/14,09/14,3385,FY15,861
RENTAL,49,11 - WHITE,,1,09/13,09/14,,FY15,186
RENTAL,32,11 - WHITE,,1,05/09,12/09,6550,FY10,385
RENTAL,35,11 - WHITE,,1,06/09,11/09,0,FY11,152
SF,30,20 - OTHER MULTI-RACIAL,5,0,03/15,05/15,0,FY15,893
SF,36,11 - WHITE,3,0,05/15,06/15,0,FY15,549
RENTAL,65,11 - WHITE,,0,07/09,03/10,7833,FY10,659
RENTAL,55,12 - BLACK/AFRICAN AMER,,0,12/13,03/14,15626,FY14,510
SF,23,11 - WHITE,1,0,02/14,04/14,0,FY14,398
SF,25,11 - WHITE,4,0,03/14,04/14,1000,FY14,923
RENTAL,56,11 - WHITE,0,0,11/14,04/14,9637,FY14,722
SF,33,11 - WHITE,5,0,03/13,04/14,51106,FY14,625
SF,91,12 - BLACK/AFRICAN AMER,1,0,11/14,02/14,7661,FY15,529
SF,,0 - NON-PROFIT,,0,12/14,03/15,0,FY15,693
SF,0,0 - NON-PROFIT,,0,10/13,06/15,149222,FY15,786
SF,0,0 - NON-PROFIT,,0,12/14,11/15,158580,FY16,553
SF,42,11 - WHITE,3,0,08/15,11/15,24464,FY16,329
SF,23,11 - WHITE,1,0,11/15,11/15,3870,FY16,963
SF,0,0 - NON-PROFIT,,0,10/13,12/15,49409.26953125,FY16,692
SF,66,11 - WHITE,1,0,06/15,10/15,15989,FY16,238
SF,30,11 - WHITE,1,0,11/15,12/15,0,FY16,787
SF,61,11 - WHITE,2,0,05/15,01/16,5320,FY16,689
SF,0,0 - NON-PROFIT,,0,06/15,01/16,81708,FY16,885
RENTAL,75,12 - BLACK/AFRICAN AMER,,0,08/14,10/14,2440,FY15,826
SF,35,11 - WHITE,1,0,03/10,04/10,0,FY10,775
SF,57,11 - WHITE,1,0,11/14,12/14,0,FY15,83
SF,53,11 - WHITE,1,0,06/14,12/14,24480,FY15,410
SF,53,11 - WHITE,2,0,11/14,12/14,0,FY15,527
SF,,0 - NON-PROFIT,,0,04/13,01/15,0,FY15,436
SF,52,11 - WHITE,1,0,08/08,06/10,74698.9296875,FY10,615
RENTAL,54,11 - WHITE,,0,09/13,03/14,7190,FY14,855
RENTAL,43,11 - WHITE,0,0,05/09,09/09,9015,FY10,683
RENTAL,43,11 - WHITE,0,0,05/09,09/09,8135,FY10,685
RENTAL,36,11 - WHITE,0,0,04/09,08/09,1700,FY10,913
SF,54,11 - WHITE,2,0,05/09,06/09,5442,FY09,669
SF,29,11 - WHITE,4,0,07/09,08/09,0,FY10,925
SF,36,11 - WHITE,6,1,03/08,05/08,27555,FY08,472
SF,30,11 - WHITE,2,0,08/08,08/08,0,FY09,948
RENTAL,0,20 - OTHER MULTI-RACIAL,,0,05/08,07/08,675,FY09,807
RENTAL,0,11 - WHITE,0,0,05/08,07/08,375,FY09,245
SF,0,0 - NON-PROFIT,0,0,10/07,01/09,163508,FY09,518
SF,40,11 - WHITE,1,0,04/09,05/09,0,FY09,75
SF,0,11 - WHITE,4,0,04/09,06/10,53994.76171875,FY10,259
SF,0,0 - NON-PROFIT,0,0,04/09,06/10,49160.578125,FY10,84
RENTAL,61,12 - BLACK/AFRICAN AMER,,0,08/17,11/17,14000,FY18,729
SF,38,11 - WHITE,2,0,06/17,12/17,26235,FY18,184
RENTAL,0,11 - WHITE,0,0,7/17,01/18,10170,FY18,781
SF,0,0 - NON-PROFIT,0,0,05/17,02/18,184314,FY18,224
SF,52,20 - OTHER MULTI-RACIAL,1,0,09/17,12/17,3610,FY18,258
SF,88,11 - WHITE,2,0,10/17,01/18,23710,FY18,368
RENTAL,0,11 - WHITE,0,0,11/17,03/18,0,FY18,63
RENTAL,0,11 - WHITE,0,0,09/17,02/18,19110,FY18,611
SF,27,11 - WHITE,1,0,02/18,02/18,0,FY18,1081
SF,0,0 - NON-PROFIT,0,0,03/14,04/18,40784.9296875,FY18,1087
SF,25,11 - WHITE,1,0,3/18,03/18,,FY18,1093
SF,0,0 - NON-PROFIT,0,0,03/14,03/18,47712.9296875,FY18,1093
SF,33,11 - WHITE,3,0,09/17,11/17,29317,FY18,322
SF,61,11 - WHITE,1,0,01/18,05/18,1745,FY18,309
RENTAL,0,11 - WHITE,0,0,04/17,02/18,14420,FY18,471
RENTAL,0,11 - WHITE,0,0,11/17,03/18,17410,FY18,726
SF,0,20 - OTHER MULTI-RACIAL,5,0,04/09,12/09,93711.6484375,FY10,247
RENTAL,,11 - WHITE,,1,07/09,05/10,29460,FY10,482
SF,41,11 - WHITE,1,0,01/10,08/10,325,FY11,805
RENTAL,54,11 - WHITE,,0,09/13,04/14,12060,FY14,478
RENTAL,42,11 - WHITE,,0,12/13,04/14,2505,FY14,111
SF,27,13 - ASIAN,4,0,04/14,04/14,1000,FY14,1045
SF,41,11 - WHITE,1,0,05/14,05/14,0,FY14,638
SF,65,12 - BLACK/AFRICAN AMER,2,0,07/13,04/14,25565,FY14,5
SF,,12 - BLACK/AFRICAN AMER,4,0,11/08,08/09,118531.7890625,FY10,1066
SF,26,11 - WHITE,1,0,10/09,11/09,0,FY10,706
RENTAL,0,12 - BLACK/AFRICAN AMER,0,0,05/09,09/09,1675,FY10,567
RENTAL,0,11 - WHITE,0,1,09/08,09/09,16650,FY10,379
SF,61,11 - WHITE,1,0,01/10,09/10,21400,FY11,554
SF,33,11 - WHITE,5,0,02/10,09/10,24710,FY11,388
SF,25,11 - WHITE,1,0,10/10,11/10,0,FY11,705
SF,28,11 - WHITE,1,0,04/10,10/10,20978,FY11,630
SF,49,11 - WHITE,1,0,01/10,10/10,35100,FY11,72
SF,40,12 - BLACK/AFRICAN AMER,1,0,03/09,03/09,0,FY09,518
SF,42,11 - WHITE,1,0,10/10,10/10,0,FY11,465
SF,35,11 - WHITE,1,0,10/10,10/10,0,FY11,26
SF,29,20 - OTHER MULTI-RACIAL,2,0,03/10,11/10,6100,FY11,191
SF,50,12 - BLACK/AFRICAN AMER,1,0,12/07,04/08,32474,FY08,87
RENTAL,56,11 - WHITE,,0,11/13,03/14,4676,FY14,756
RENTAL,55,11 - WHITE,,0,11/13,03/14,4620,FY14,551
SF,22,11 - WHITE,2,0,11/10,11/10,0,FY11,536
SF,53,12 - BLACK/AFRICAN AMER,2,0,07/13,07/14,32570,FY15,139
SF,,0 - NON-PROFIT,,0,12/13,09/14,123778.9765625,FY15,1032
RENTAL,56,11 - WHITE,,0,03/14,09/14,14470,FY15,541
SF,56,11 - WHITE,2,0,07/13,09/14,14970,FY15,537
SF,40,12 - BLACK/AFRICAN AMER,5,0,08/14,09/14,475,FY15,872
SF,,0 - NON-PROFIT,,0,11/12,09/13,102500,FY14,940
SF,46,12 - BLACK/AFRICAN AMER,1,0,01/16,01/16,4320,FY16,885
SF,21,11 - WHITE,1,0,03/17,03/17,0,FY17,544
SF,22,11 - WHITE,1,0,12/14,01/15,0,FY15,698
SF,0,0 - NON-PROFIT,,0,09/13,02/15,134390.484375,FY15,698
SF,32,12 - BLACK/AFRICAN AMER,8,0,12/14,01/15,0,FY15,487
SF,67,11 - WHITE,1,0,12/14,01/15,16975,FY15,164
SF,64,11 - WHITE,1,0,01/15,01/15,0,FY15,794
SF,56,12 - BLACK/AFRICAN AMER,1,0,02/10,10/10,25838,FY11,71
SF,49,11 - WHITE,2,0,05/10,05/11,26552,FY11,27
SF,60,11 - WHITE,2,0,09/10,05/11,40150,FY11,966
RENTAL,50,11 - WHITE,0,0,02/11,06/11,7950,FY11,115
RENTAL,51,12 - BLACK/AFRICAN AMER,,1,10/09,06/11,11532,FY11,444
RENTAL,64,11 - WHITE,,0,10/10,06/11,11060,FY11,245
SF,30,12 - BLACK/AFRICAN AMER,4,0,10/10,06/11,71453.9765625,FY10,1015
SF,23,11 - WHITE,2,0,06/08,10/08,33519,FY09,546
SF,32,20 - OTHER MULTI-RACIAL,2,1,04/08,12/08,325,FY09,369
SF,32,12 - BLACK/AFRICAN AMER,1,0,09/09,10/09,5270,FY10,661
SF,87,12 - BLACK/AFRICAN AMER,2,0,07/09,10/09,5490,FY10,499
RENTAL,56,11 - WHITE,,0,12/12,04/13,5731,FY13,943
RENTAL,50,11 - WHITE,0,1,03/09,11/09,9070,FY10,406
SF,63,12 - BLACK/AFRICAN AMER,1,0,10/13,11/13,0,FY14,1049
SF,0,0 - NON-PROFIT,0,1,12/07,08/09,133867,FY10,189
SF,24,12 - BLACK/AFRICAN AMER,3,0,05/15,07/15,0,FY16,81
SF,0,0 - NON-PROFIT,,0,03/14,07/15,161007,FY16,81
OTHER,0,11 - WHITE,0,0,05/07,03/08,0,FY08,441
SF,0,0 - NON-PROFIT,0,0,08/09,07/11,0,FY12,597
RENTAL,37,11 - WHITE,,0,07/09,04/10,8575,FY10,355
SF,48,11 - WHITE,3,0,01/09,02/09,0,FY09,1023
SF,30,11 - WHITE,6,0,03/09,10/09,33625,FY10,76
SF,32,12 - BLACK/AFRICAN AMER,3,0,01/09,01/09,0,FY09,1078
SF,32,11 - WHITE,2,0,02/09,03/09,0,FY09,1006
SF,36,11 - WHITE,6,0,09/13,12/13,4350,FY14,576
SF,37,12 - BLACK/AFRICAN AMER,3,0,11/13,12/13,0,FY14,838
SF,,0 - NON-PROFIT,,0,07/13,06/14,54689.390625,FY14,838
SF,43,12 - BLACK/AFRICAN AMER,1,0,11/13,12/13,0,FY14,122
SF,0,0 - NON-PROFIT,,0,12/12,12/13,55000,FY14,983
SF,24,11 - WHITE,3,0,05/11,07/11,0,FY12,597
SF,13,11 - WHITE,,0,09/13,12/13,5330,FY14,776
RENTAL,42,11 - WHITE,,1,05/08,04/09,9590,FY09,456
RENTAL,48,11 - WHITE,,0,10/08,04/09,9732.5,FY09,742
SF,43,11 - WHITE,1,0,10/13,11/13,0,FY14,1038
SF,48,11 - WHITE,,0,09/13,12/13,10136,FY14,95
SF,48,11 - WHITE,1,0,07/16,03/17,19685,FY17,1007
SF,30,11 - WHITE,2,0,08/16,03/17,0,FY17,772
SF,23,20 - OTHER MULTI-RACIAL,1,0,03/17,04/17,0,FY17,330
SF,33,11 - WHITE,5,0,07/14,09/14,0,FY15,1032
RENTAL,,NONE,,0,05/08,06/08,375,FY08,1075
SF,,0 - NON-PROFIT,,0,04/13,03/15,0,FY15,671
RENTAL,35,11 - WHITE,,0,11/13,03/14,8707,FY14,665
SF,,11 - WHITE,4,0,10/14,04/15,6080,FY15,64
SF,0,0 - NON-PROFIT,0,0,06/16,04/17,83200,FY17,330
SF,0,11 - WHITE,,0,03/17,04/17,0,FY17,33
SF,91,11 - WHITE,2,1,11/07,05/09,42045,FY09,386
SF,27,11 - WHITE,3,0,10/08,03/09,5979,FY09,763
SF,41,11 - WHITE,2,0,01/09,03/09,650,FY09,333
RENTAL,,11 - WHITE,,0,12/08,08/09,30485,FY10,420
SF,33,11 - WHITE,4,0,01/09,03/09,9805,FY09,1003
SF,61,12 - BLACK/AFRICAN AMER,1,0,01/09,03/09,5570,FY09,4
SF,60,11 - WHITE,1,0,03/10,12/10,25789,FY11,962
SF,36,12 - BLACK/AFRICAN AMER,5,0,09/08,02/09,107953,FY09,250
RENTAL,70,11 - WHITE,,1,05/09,05/10,8825,FY10,572
RENTAL,56,12 - BLACK/AFRICAN AMER,,0,09/10,06/11,20415,FY11,444
SF,41,11 - WHITE,7,0,06/10,06/11,24579,FY11,361
SF,33,12 - BLACK/AFRICAN AMER,3,0,08/11,09/11,0,FY12,840
SF,43,12 - BLACK/AFRICAN AMER,4,0,05/11,09/11,20910,FY12,848
SF,69,11 - WHITE,1,0,08/10,09/11,25655,FY12,792
SF,25,11 - WHITE,1,0,10/13,11/13,0,FY14,971
SF,0,0 - NON-PROFIT,0,0,07/13,06/13,39601.55859375,FY14,971
SF,38,11 - WHITE,1,0,10/13,11/13,0,FY14,190
SF,43,11 - WHITE,4,0,11/13,11/13,0,FY14,509
SF,30,20 - OTHER MULTI-RACIAL,3,0,08/13,08/13,0,FY14,279
RENTAL,54,11 - WHITE,,0,03/13,11/13,8390,FY14,637
SF,49,11 - WHITE,2,0,07/13,11/13,1575,FY14,77
SF,,0 - NON-PROFIT,,0,11/12,06/14,23909.830078125,FY14,1038
SF,54,11 - WHITE,,0,10/13,11/13,475,FY14,20
RENTAL,54,11 - WHITE,,0,05/13,10/13,9767,FY14,364
RENTAL,54,11 - WHITE,,0,11/12,11/13,11545,FY14,387
SF,35,11 - WHITE,4,1,09/08,09/09,50190,FY10,571
SF,36,11 - WHITE,1,0,09/09,10/09,0,FY10,44
SF,26,12 - BLACK/AFRICAN AMER,5,0,10/09,10/09,0,FY10,841
SF,,0 - NON-PROFIT,,0,07/13,03/14,41971.30078125,FY14,1054
RENTAL,40,11 - WHITE,,0,10/13,03/14,8120,FY14,741
SF,48,12 - BLACK/AFRICAN AMER,4,0,08/16,11/16,23355,FY17,1021
SF,68,11 - WHITE,1,0,11/16,12/16,2475,FY17,911
SF,75,11 - WHITE,1,0,11/16,1/17,3720,FY17,269
SF,33,13 - ASIAN,4,0,12/16,12/16,0,FY17,843
SF,54,11 - WHITE,1,0,11/16,01/17,0,FY17,813
SF,67,11 - WHITE,1,0,09/16,01/17,37375,FY17,448
SF,40,11 - WHITE,1,0,12/16,01/17,0,FY17,57
SF,53,12 - BLACK/AFRICAN AMER,1,0,11/16,01/17,1215,FY17,887
SF,58,12 - BLACK/AFRICAN AMER,1,0,1/17,2/17,0,FY17,449
SF,48,11 - WHITE,1,0,01/17,02/17,0,FY17,82
SF,0,0 - NON-PROFIT,0,0,02/15,02/17,95180,FY17,449
SF,60,12 - BLACK/AFRICAN AMER,2,0,09/16,02/17,40820,FY17,831
RENTAL,,11 - WHITE,,1,03/11,08/11,5065,FY12,374
SF,31,12 - BLACK/AFRICAN AMER,2,0,09/13,10/13,0,FY14,870
RENTAL,40,11 - WHITE,,1,01/13,01/14,49512,FY14,435
RENTAL,54,11 - WHITE,,0,08/13,01/14,7605,FY14,421
SF,54,11 - WHITE,1,0,01/14,02/14,0,FY14,106
SF,79,11 - WHITE,4,0,01/14,02/14,0,FY14,657
SF,0,0 - NON-PROFIT,,0,07/13,04/14,240258.953125,FY14,923
SF,33,11 - WHITE,2,0,12/13,02/14,0,FY14,993
RENTAL,54,11 - WHITE,0,0,12/13,03/14,1810,FY14,666
RENTAL,41,11 - WHITE,,0,07/13,03/14,950,FY14,195
SF,80,4-HISPANIC,4,0,03/17,05/17,2125,FY17,25
SF,20,11 - WHITE,1,0,04/17,04/17,0,FY17,1079
SF,35,11 - WHITE,1,0,05/17,0517,0,FY17,402
SF,25,11 - WHITE,1,0,04/17,05/17,0,FY17,1082
SF,0,0 - NON-PROFIT,0,0,03/14,05/17,49085.3203125,FY17,1082
SF,0,0 - NON-PROFIT,0,0,08/16,05/17,134300,FY17,402
SF,27,11 - WHITE,1,0,06/17,06/17,0,FY17,1027
SF,0,0 - NON-PROFIT,0,0,08/16,06/17,99061.4921875,FY17,1027
SF,38,12 - BLACK/AFRICAN AMER,6,0,06/17,07/17,0,FY18,801
SF,30,12 - BLACK/AFRICAN AMER,6,0,09/16,05/17,37730,FY17,994
SF,61,11 - WHITE,2,0,03/17,06/17,13304,FY17,390
SF,36,11 - WHITE,1,0,11/16,06/17,18585,FY17,1076
SF,59,11 - WHITE,1,0,09/16,06/17,30335,FY17,622
SF,45,11 - WHITE,1,0,06/17,07/17,0,FY18,769
SF,48,11 - WHITE,1,0,06/17,07/17,4595,FY18,1002
RENTAL,56,11 - WHITE,0,0,01/17,06/17,8595,FY17,419
SF,45,12 - BLACK/AFRICAN AMER,4,0,08/17,09/17,0,FY18,1014
SF,42,11 - WHITE,3,0,02/17,08/17,50950,FY18,369
RENTAL,0,11 - WHITE,0,0,04/17,09/17,8065,FY18,986
RENTAL,0,11 - WHITE,0,0,05/17,09/17,26390,FY18,426
RENTAL,0,11 - WHITE,0,0,03/17,09/17,35545,FY18,365
SF,37,12 - BLACK/AFRICAN AMER,5,0,03/17,09/17,45556,FY18,504
RENTAL,58,12 - BLACK/AFRICAN AMER,,0,06/17,10/17,15990,FY18,490
SF,54,11 - WHITE,3,0,08/17,11/17,15013,FY18,489
SF,85,12 - BLACK/AFRICAN AMER,1,0,09/17,11/17,10797,FY18,876
RENTAL,59,11 - WHITE,0,0,08/17,11/17,16290,FY18,112
RENTAL,45,12 - BLACK/AFRICAN AMER,0,0,08/17,12/17,23598,FY18,511
RENTAL,37,11 - WHITE,0,0,5/17,11/17,16270,FY18,738
SF,73,11 - WHITE,1,0,08/17,11/17,20475,FY18,403
SF,0,0 - NON-PROFIT,0,0,03/14,05/18,42840.9296875,FY18,1088
SF,0,0 - NON-PROFIT,0,0,03/14,05/18,45562.12109375,FY18,1086
SF,43,11 - WHITE,2,0,02/18,03/18,1302,FY18,976
SF,35,11 - WHITE,1,0,02/18,04/18,11270,FY18,568
SF,58,11 - WHITE,1,0,12/17,04/18,33640,FY18,169
SF,60,11 - WHITE,2,0,11/17,03/18,20535,FY18,203
RENTAL,0,11 - WHITE,0,0,09/17,03/18,17670,FY18,272
SF,61,11 - WHITE,5,0,05/17,03/18,34361,FY18,375
SF,60,11 - WHITE,9,0,09/17,06/18,48440,FY18,274
SF,29,11 - WHITE,1,0,11/17,06/18,11465,FY18,531
RENTAL,0,11 - WHITE,0,0,10/17,04/18,7559,FY18,91
SF,28,11 - WHITE,4,0,7/17,6/18,36232.6484375,FY18,1017
RENTAL,0,11 - WHITE,0,0,01/18,05/18,720,FY18,235
SF,68,12 - BLACK/AFRICAN AMER,1,0,4/18,5/18,875,FY18,945
SF,53,11 - WHITE,1,0,04/18,06/18,12900,FY18,654
SF,69,11 - WHITE,1,0,06/16,02/18,25540,FY18,491
SF,80,11 - WHITE,1,0,02/18,05/18,4050,FY18,700
SF,69,11 - WHITE,1,0,11/17,02/18,4127,FY18,1024
SF,25,11 - WHITE,1,0,05/18,06/18,0,FY18,1092
SF,0,0 - NON-PROFIT,0,0,03/14,03/18,48745.2109375,FY18,1092
RENTAL,0,11 - WHITE,0,0,02/18,08/18,0,FY18,407
SF,0,0 - NON-PROFIT,0,0,03/14,08/18,46866.9296875,FY19,1090
RENTAL,0,11 - WHITE,,0,11/18,02/19,50646,FY19,362
SF,52,12 - BLACK/AFRICAN AMER,8,0,11/18,04/19,22850,FY19,800
RENTAL,,11 - WHITE,,0,11/18,04/19,17360,FY19,304
SF,84,11 - WHITE,1,0,10/18,04/19,7195,FY19,477
SF,68,11 - WHITE,2,0,11/18,04/19,8582,FY19,350
RENTAL,,11 - WHITE,4,0,07/18,07/18,16430,FY19,427
RENTAL,,14 - AMER INDIAN,1,0,11/18,11/18,0,FY19,1067
SF,50,11 - WHITE,2,0,10/18,12/18,2950,FY19,956
SF,59,11 - WHITE,2,0,09/18,11/18,19440,FY19,604
RENTAL,,12 - BLACK/AFRICAN AMER,1,0,02/18,02/19,24445,FY19,226
RENTAL,,11 - WHITE,,0,09/18,01/19,0,FY19,105
SF,89,20 - OTHER MULTI-RACIAL,1,0,07/18,09/18,2250,FY19,938
RENTAL,0,14 - AMER INDIAN,,0,11/18,04/19,22160,FY19,104
SF,70,11 - WHITE,2,0,03/19,06/19,8371,FY19,103
RENTAL,0,11 - WHITE,0,0,08/18,12/18,7685,FY19,100
SF,60,12 - BLACK/AFRICAN AMER,1,0,06/18,08/18,33884,FY19,1061
RENTAL,0,11 - WHITE,1,0,04/18,08/18,95760,FY19,100
RENTAL,,11 - WHITE,,0,10/18,11/18,0,FY19,1039
RENTAL,,11 - WHITE,4,0,05/18,01/19,50880,FY19,432
RENTAL,70,12 - BLACK/AFRICAN AMER,0,0,10/18,04/19,31320,FY19,530
SF,60,11 - WHITE,1,0,04/18,08/18,51782,FY19,263
RENTAL,,11 - WHITE,8,0,05/19,05/19,0,FY19,133
RENTAL,,13 - ASIAN,4,0,02/18,05/18,3715,FY18,131
RENTAL,,11 - WHITE,3,0,05/18,12/18,33681,FY19,204
RENTAL,,11 - WHITE,0,0,11/18,06/19,48340,FY19,234
RENTAL,,14 - AMER INDIAN,1,0,11/18,03/19,14290,FY19,257
RENTAL,,11 - WHITE,4,0,10/18,04/19,8306,FY19,158
SF,60,11 - WHITE,1,0,02/19,04/19,3715,FY19,648
RENTAL,38,11 - WHITE,6,0,08/18,01/19,7790,FY19,289
SF,36,11 - WHITE,5,0,03/19,03/19,8165,FY19,979
SF,68,11 - WHITE,1,0,01/19,02/19,5975,FY19,817
SF,73,11 - WHITE,1,0,11/18,04/19,11796,FY19,746
RENTAL,,14 - AMER INDIAN,2,0,11/18,05/19,1950,FY19,959
SF,52,18 - BLACK/AF AM & WHITE,4,0,06/18,06/19,22780,FY19,467
RENTAL,0,11 - WHITE,2,0,12/18,05/19,27453,FY19,210
SF,39,12 - BLACK/AFRICAN AMER,6,0,08/18,10/18,13385,FY19,801
SF,55,12 - BLACK/AFRICAN AMER,1,0,08/18,01/19,5800,FY19,887
SF,49,20 - OTHER MULTI-RACIAL,2,0,11/18,01/19,13810,FY19,1019
RENTAL,,11 - WHITE,0,0,12/18,07/19,41370,FY19,493
SF,66,11 - WHITE,1,0,10/17,11/18,6105,FY19,585
RENTAL,68,11 - WHITE,0,0,02/19,06/19,21036,FY19,524
RENTAL,,11 - WHITE,,0,04/19,07/19,11778,FY19,910
RENTAL,80,11 - WHITE,3,0,02/19,07/19,5205,FY19,270
SF,70,12 - BLACK/AFRICAN AMER,1,0,11/18,03/19,3950,FY19,1000
SF,64,11 - WHITE,2,0,10/18,01/19,26055,FY19,603
RENTAL,,17 - ASIAN & WHITE,,0,02/18,10/18,28445,FY19,299
SF,63,11 - WHITE,2,0,08/17,10/18,42554,FY19,682
SF,51,12 - BLACK/AFRICAN AMER,3,0,12/18,05/19,4470,FY19,515
SF,23,11 - WHITE,1,0,12/18,02/19,9115,FY19,479
SF,38,20 - OTHER MULTI-RACIAL,2,0,10/18,10/18,2950,FY19,192
RENTAL,,11 - WHITE,2,0,05/18,11/18,28475,FY19,308
SF,30,11 - WHITE,2,0,03/18,10/18,40258,FY19,932
SF,80,12 - BLACK/AFRICAN AMER,2,0,11/17,09/18,46846,FY19,98
SF,47,11 - WHITE,2,0,10/17,07/19,27995,FY19,40
SF,64,11 - WHITE,1,0,03/19,04/19,3432,FY19,451
SF,40,11 - WHITE,3,0,11/18,06/19,22126,FY19,55
RENTAL,0,11 - WHITE,10,0,09/18,04/22,8508,FY19,347
SF,28,19 - AM IND & BL/AF AM,3,0,09/18,06/19,23316,FY19,391
RENTAL,33,12 - BLACK/AFRICAN AMER,5,0,10/18,06/19,18969,FY19,167
SF,60,11 - WHITE,1,0,01/19,01/19,0,FY19,1070
SF,0,11 - WHITE,1,0,02/19,03/19,0,FY19,961
SF,0,0 - NON-PROFIT,,0,01/18,03/19,110850,FY20,961
SF,0,0 - NON-PROFIT,1,0,04/17,08/18,140454,FY20,633
SF,0,0 - NON-PROFIT,1,0,02/18,01/19,123245.3984375,FY20,1070
SF,66,12 - BLACK/AFRICAN AMER,1,0,04/16,07/16,0,FY17,24
SF,18,11 - WHITE,1,0,10/17,11/17,0,FY18,1089
SF,25,13 - ASIAN,3,0,04/18,04/18,0,FY18,1087
SF,61,11 - WHITE,1,0,09/18,10/18,0,FY19,1091
SF,45,11 - WHITE,4,0,05/18,08/18,0,FY19,1090
SF,39,11 - WHITE,1,0,09/18,10/18,0,FY19,1085
SF,54,11 - WHITE,1,0,05/16,05/16,0,FY16,78
RENTAL,0,11 - WHITE,3,0,07/19,11/19,31802,FY20,298
RENTAL,26,11 - WHITE,2,0,05/19,11/19,22980,FY20,642
RENTAL,0,11 - WHITE,,0,05/19,10/19,19600,FY20,605
RENTAL,,11 - WHITE,,0,11/18,09/19,35395,FY20,193
RENTAL,,11 - WHITE,,0,02/19,09/19,30620,FY20,425
RENTAL,0,11 - WHITE,3,0,05/19,10/19,3170,FY20,928
SF,63,11 - WHITE,1,0,10/19,12/19,7395,FY20,309
SF,84,12 - BLACK/AFRICAN AMER,1,0,04/19,11/19,25008,FY20,1001
SF,77,12 - BLACK/AFRICAN AMER,3,0,03/19,05/19,10925,FY19,834
SF,51,11 - WHITE,1,0,04/19,09/19,18382,FY20,944
SF,57,20 - OTHER MULTI-RACIAL,1,0,06/19,08/19,4745,FY20,127
SF,55,11 - WHITE,1,0,08/19,09/19,5240,FY20,535
SF,49,12 - BLACK/AFRICAN AMER,1,0,05/19,10/19,15410,FY20,862
SF,73,11 - WHITE,1,0,06/19,09/19,10105,FY20,929
RENTAL,,12 - BLACK/AFRICAN AMER,0,0,10/18,11/19,42999,FY20,399
RENTAL,61,11 - WHITE,0,0,09/19,12/19,475,FY20,719
RENTAL,71,13 - ASIAN,1,0,02/19,08/19,13455,FY20,160
RENTAL,0,11 - WHITE,3,0,12/18,10/19,23085,FY20,618
RENTAL,40,11 - WHITE,1,0,05/19,11/19,25500,FY20,331
RENTAL,,11 - WHITE,3,0,03/19,11/19,19805,FY20,586
RENTAL,36,11 - WHITE,2,0,11/18,11/19,7780,FY20,697
RENTAL,,11 - WHITE,2,0,12/18,11/19,22635,FY20,278
RENTAL,63,11 - WHITE,2,0,02/19,10/19,19310,FY20,381
RENTAL,68,11 - WHITE,0,0,02/19,10/19,16600,FY20,412
RENTAL,,11 - WHITE,6,0,02/19,09/19,17605,FY20,486
RENTAL,67,11 - WHITE,4,0,10/18,07/19,21265,FY19,212
RENTAL,68,11 - WHITE,6,0,10/18,08/19,45613,FY20,284
RENTAL,32,11 - WHITE,6,0,10/18,04/19,10899,FY19,260
SF,37,12 - BLACK/AFRICAN AMER,7,0,08/19,09/19,475,FY20,457
RENTAL,,11 - WHITE,1,0,02/19,08/19,15470,FY20,652
SF,42,11 - WHITE,5,0,10/18,5/19,21170,FY19,52
SF,61,11 - WHITE,1,0,09/19,01/20,13540,FY20,908
SF,85,12 - BLACK/AFRICAN AMER,2,0,12/09,03/20,22945,FY20,136
SF,57,11 - WHITE,1,0,12/19,03/20,14725,FY20,101
SF,38,12 - BLACK/AFRICAN AMER,3,0,10/19,01/20,10880,FY20,602
SF,71,11 - WHITE,1,0,06/19,01/20,6551,FY20,954
SF,34,12 - BLACK/AFRICAN AMER,4,0,01/20,02/20,22600,FY20,804
SF,,12 - BLACK/AFRICAN AMER,1,0,10/19,03/20,4382,FY20,854
SF,61,12 - BLACK/AFRICAN AMER,1,0,12/19,03/20,26580,FY20,758
SF,74,17 - ASIAN & WHITE,2,0,12/10,04/20,10088,FY20,268
SF,49,11 - WHITE,1,0,09/19,12/19,18105,FY20,243
SF,32,18 - BLACK/AF AM & WHITE,3,0,02/19,06/19,5690,FY19,540
SF,42,11 - WHITE,2,0,12/18,11/19,25213.75,FY20,41
RENTAL,,14 - AMER INDIAN,2,0,01/19,01/20,4975,FY20,626
RENTAL,55,11 - WHITE,1,0,06/16,06/18,21075,FY18,1096
RENTAL,,12 - BLACK/AFRICAN AMER,3,0,10/18,01/19,1245,FY19,899
RENTAL,,11 - WHITE,,0,08/18,10/18,770,FY19,878
SF,37,17 - ASIAN & WHITE,3,0,12/19,02/20,475,FY20,974
RENTAL,,14 - AMER INDIAN,3,0,12/18,05/19,3595,FY19,600
RENTAL,0,11 - WHITE,1,0,02/19,02/19,750,FY20,392
RENTAL,0,11 - WHITE,2,0,09/19,03/20,7530,FY20,438
SF,43,11 - WHITE,3,0,05/19,02/20,16490,FY20,343
OTHER,0,11 - WHITE,,0,12/16,04/19,0,FY19,897
SF,22,11 - WHITE,1,0,10/19,12/19,0,FY20,1031
RENTAL,,11 - WHITE,0,0,02/09,06/09,9355,FY09,595
RENTAL,0,12 - BLACK/AFRICAN AMER,0,0,01/19,03/19,385,FY20,109
SF,0,0 - NON-PROFIT,,0,02/14,05/14,1725,FY14,594
RENTAL,41,11 - WHITE,0,0,09/18,03/19,0,FY19,141
RENTAL,70,12 - BLACK/AFRICAN AMER,,0,10/18,11/18,385,FY19,140
SF,43,12 - BLACK/AFRICAN AMER,6,0,09/19,06/20,27025,FY20,523
RENTAL,39,12 - BLACK/AFRICAN AMER,6,0,08/19,08/20,29155,FY21,587
RENTAL,36,11 - WHITE,4,0,09/19,06/20,13210,FY20,395
RENTAL,68,11 - WHITE,2,0,09/19,10/20,25990,FY21,440
SF,29,11 - WHITE,3,0,09/19,11/20,57874,FY21,405
RENTAL,0,11 - WHITE,5,0,05/18,03/20,14990,FY20,201
SF,48,12 - BLACK/AFRICAN AMER,8,0,08/19,08/19,0,FY20,249
SF,37,11 - WHITE,3,0,09/19,09/19,0,FY20,1013
SF,88,11 - WHITE,2,0,11/19,09/20,26480,FY21,847
SF,54,11 - WHITE,4,0,06/20,08/20,14450,FY21,161
SF,33,11 - WHITE,2,0,07/21,10/21,740,FY22,255
SF,31,11 - WHITE,2,0,07/21,08/21,475,FY22,338
RENTAL,34,12 - BLACK/AFRICAN AMER,9,0,10/19,10/20,22055,FY21,162
SF,40,11 - WHITE,6,0,11/19,06/20,21210,FY20,978
SF,62,12 - BLACK/AFRICAN AMER,3,0,08/20,11/20,5478,FY21,823
SF,52,11 - WHITE,2,0,08/20,12/20,30300,FY21,956
SF,28,12 - BLACK/AFRICAN AMER,1,0,09/20,12/20,9500,FY21,731
SF,30,11 - WHITE,6,0,10/20,11/20,3625,FY21,414
SF,34,11 - WHITE,4,0,06/20,11/20,11600,FY21,1037
SF,67,12 - BLACK/AFRICAN AMER,1,0,03/20,10/20,5025,FY21,933
SF,68,11 - WHITE,1,0,03/20,8/20,11139,FY21,129
SF,46,11 - WHITE,3,0,02/20,08/20,15945,FY21,173
SF,37,11 - WHITE,3,0,07/19,08/20,32985,FY21,450
SF,59,11 - WHITE,1,0,02/20,07/20,12850,FY21,839
SF,0,0 - NON-PROFIT,0,0,03/14,05/17,52333.609375,FY17,1081
SF,0,11 - WHITE,1,0,10/20,11/20,0,FY21,952
SF,53,11 - WHITE,2,0,11/20,01/21,8099,FY21,559
SF,60,11 - WHITE,2,0,08/20,04/21,46545,FY21,720
SF,41,11 - WHITE,1,0,11/20,03/21,11090,FY21,336
SF,46,11 - WHITE,3,0,09/20,01/21,12095,FY21,977
SF,63,12 - BLACK/AFRICAN AMER,2,0,07/20,01/21,13450,FY21,1042
SF,52,12 - BLACK/AFRICAN AMER,1,0,09/20,02/21,11000,FY21,886
SF,52,11 - WHITE,2,0,01/21,03/21,8150,FY21,130
SF,47,11 - WHITE,3,0,11/20,02/21,39839,FY21,543
SF,54,12 - BLACK/AFRICAN AMER,1,0,09/20,03/21,18690,FY21,590
SF,54,11 - WHITE,1,0,02/20,12/20,16225,FY21,297
SF,52,11 - WHITE,2,0,09/20,02/21,7850,FY21,681
SF,65,12 - BLACK/AFRICAN AMER,3,0,10/20,01/21,8625,FY21,47
SF,59,11 - WHITE,1,0,03/20,01/21,20320,FY21,137
SF,81,11 - WHITE,3,0,07/20,02/21,34300,FY21,1074
SF,57,12 - BLACK/AFRICAN AMER,1,0,09/20,01/21,27456,FY21,887
SF,71,12 - BLACK/AFRICAN AMER,3,0,09/20,12/20,11050,FY21,3
RENTAL,0,13 - ASIAN,3,0,05/19,11/20,1510,FY21,958
RENTAL,0,11 - WHITE,7,0,04/19,07/20,62199,FY20,439
SF,37,11 - WHITE,3,0,10/19,06/20,25094,FY20,508
SF,52,11 - WHITE,4,0,11/19,08/20,15175,FY21,539
RENTAL,0,11 - WHITE,3,0,02/20,09/20,37995,FY21,360
RENTAL,0,11 - WHITE,4,0,03/21,04/21,475,FY21,942
SF,76,11 - WHITE,1,0,02/20,03/21,19160,FY21,403
SF,65,11 - WHITE,1,0,03/21,06/21,9750,FY21,310
SF,55,12 - BLACK/AFRICAN AMER,1,0,03/21,04/21,8069,FY21,1055
SF,54,11 - WHITE,2,0,01/21,05/21,9051.5,FY21,797
SF,75,11 - WHITE,1,0,03/21,04/21,7900,FY21,48
SF,37,11 - WHITE,3,0,04/21,05/21,6905,FY21,1069
SF,84,12 - BLACK/AFRICAN AMER,2,0,07/20,05/21,26470,FY21,871
SF,76,11 - WHITE,1,0,08/20,05/21,17075,FY21,972
SF,71,12 - BLACK/AFRICAN AMER,1,0,02/21,05/21,943.710021972656,FY21,945
SF,55,11 - WHITE,4,0,02/21,06/21,9285,FY21,161
SF,32,11 - WHITE,1,0,07/20,10/20,4350,FY21,641
SF,0,0 - NON-PROFIT,,0,10/18,05/20,185317,FY21,18
SF,0,0 - NON-PROFIT,,0,10/19,05/20,162317,FY21,17
SF,0,0 - NON-PROFIT,1,0,10/19,02/21,191067,FY21,13
SF,0,0 - NON-PROFIT,1,0,10/19,09/20,173817,FY21,12
RENTAL,0,0 - NON-PROFIT,1,0,09/18,01/20,199162.796875,FY21,646
SF,0,0 - NON-PROFIT,4,0,08/19,12/20,164985,FY21,768
SF,31,11 - WHITE,6,0,09/20,09/20,0,FY21,710
SF,32,11 - WHITE,4,0,12/20,12/20,0,FY21,768
SF,41,11 - WHITE,2,0,12/20,01/21,0,FY21,277
SF,35,11 - WHITE,4,0,08/19,08/19,0,FY20,845
SF,24,12 - BLACK/AFRICAN AMER,3,0,01/21,01/21,0,FY21,264
SF,24,11 - WHITE,1,0,09/20,09/20,0,FY21,790
SF,42,20 - OTHER MULTI-RACIAL,2,0,10/20,10/20,0,FY21,542
SF,40,11 - WHITE,3,0,02/21,02/21,0,FY21,793
SF,29,12 - BLACK/AFRICAN AMER,4,0,02/21,02/21,0,FY21,723
SF,64,11 - WHITE,1,0,08/20,08/20,0,FY21,534
RENTAL,0,11 - WHITE,2,0,05/21,06/21,475,FY21,780
SF,66,18 - BLACK/AF AM & WHITE,3,0,02/21,02/21,0,FY21,18
SF,28,11 - WHITE,2,0,07/20,07/20,0,FY21,17
SF,29,12 - BLACK/AFRICAN AMER,3,0,12/20,12/20,0,FY21,13
SF,35,12 - BLACK/AFRICAN AMER,4,0,09/20,09/20,0,FY21,12
SF,0,0 - NON-PROFIT,3,0,06/20,11/20,190461,FY21,264
SF,0,0 - NON-PROFIT,2,0,01/18,08/20,154839,FY21,542
SF,0,0 - NON-PROFIT,4,0,06/20,10/20,183800,FY21,723
SF,74,11 - WHITE,2,0,04/21,06/21,0,FY21,766
SF,67,12 - BLACK/AFRICAN AMER,1,0,04/20,07/21,0,FY22,46
SF,56,12 - BLACK/AFRICAN AMER,2,0,11/20,06/21,21828,FY21,135
RENTAL,0,14 - AMER INDIAN,2,0,07/19,7/21,14070,FY21,376
SF,54,16 - AM IND & WHITE,3,0,05/21,7/21,14350,FY21,635
RENTAL,0,0 - NON-PROFIT,,0,12/19,6/21,275389.5625,FY21,644
SF,0,0 - NON-PROFIT,0,0,06/20,01/21,194430,FY21,265
SF,47,11 - WHITE,1,0,07/19,11/20,36335,FY21,110
SF,0,0 - NON-PROFIT,2,0,05/18,10/20,204031,FY21,453
SF,34,11 - WHITE,2,0,01/21,01/21,0,FY21,453
SF,0,0 - NON-PROFIT,4,0,05/18,08/20,75775,FY21,845
OTHER,59,11 - WHITE,0,0,10/18,11/20,65400,FY21,849
SF,0,11 - WHITE,1,0,08/20,01/21,22855,FY21,163
RENTAL,0,11 - WHITE,6,0,02/20,08/20,24845,FY21,613
SF,76,11 - WHITE,1,0,10/20,01/21,6400,FY21,413
SF,65,11 - WHITE,1,0,08/19,04/20,54550.75,FY21,517
SF,51,11 - WHITE,1,0,11/19,06/20,5226.7998046875,FY21,1002
SF,35,11 - WHITE,3,0,08/19,02/20,38347.5,FY21,108
SF,35,11 - WHITE,4,0,03/21,07/21,0,FY21,868
RENTAL,0,12 - BLACK/AFRICAN AMER,5,0,08/19,07/20,25345,FY21,109
OTHER,0,0 - NON-PROFIT,,0,07/19,03/21,100000,FY21,850
OTHER,0,0 - NON-PROFIT,0,0,04/15,02/16,0,FY16,575
SF,39,12 - BLACK/AFRICAN AMER,2,0,03/21,09/21,2082,FY22,15
SF,79,12 - BLACK/AFRICAN AMER,1,0,12/20,09/21,29140,FY22,858
SF,26,11 - WHITE,1,0,08/20,08/21,37055,FY22,351
SF,29,11 - WHITE,4,0,12/19,01/20,475,FY20,912
RENTAL,54,20 - OTHER MULTI-RACIAL,5,0,01/19,04/19,385,FY19,808
RENTAL,27,12 - BLACK/AFRICAN AMER,2,0,04/19,05/19,385,FY19,394
RENTAL,24,12 - BLACK/AFRICAN AMER,4,0,09/19,01/20,475,FY20,935
SF,53,12 - BLACK/AFRICAN AMER,1,0,07/21,12/21,16625,FY22,9
RENTAL,65,11 - WHITE,1,0,01/22,02/22,0,FY22,865
SF,34,12 - BLACK/AFRICAN AMER,2,0,12/21,04/22,11761.8203125,FY22,356
SF,69,12 - BLACK/AFRICAN AMER,2,0,10/21,04/22,17933.970703125,FY22,1080
SF,90,11 - WHITE,2,0,10/21,04/22,16457,FY22,903
SF,63,12 - BLACK/AFRICAN AMER,1,0,07/21,11/21,6400,FY22,880
SF,75,11 - WHITE,2,0,09/20,05/22,33034.5,FY22,883
RENTAL,28,12 - BLACK/AFRICAN AMER,8,0,06/21,08/21,950,FY22,282
SF,31,11 - WHITE,4,0,05/21,03/22,26010,FY22,651
SF,81,12 - BLACK/AFRICAN AMER,1,0,04/21,04/22,19692,FY22,73
SF,64,12 - BLACK/AFRICAN AMER,2,0,05/21,12/21,20209,FY22,496
RENTAL,40,11 - WHITE,1,0,10/19,02/20,3900,FY20,325
SF,59,11 - WHITE,1,0,07/20,05/22,25878,FY22,179
SF,68,11 - WHITE,1,0,05/22,06/22,0,FY22,760
SF,67,11 - WHITE,2,0,01/22,06/22,4900,FY22,326
SF,50,11 - WHITE,2,0,04/22,6/22,8078,FY22,119
RENTAL,63,11 - WHITE,2,0,05/22,08/22,0,FY23,183
SF,0,0 - NON-PROFIT,1,0,10/20,10/21,176598,FY22,252
RENTAL,55,11 - WHITE,3,0,04/21,10/21,20244,FY22,791
SF,26,11 - WHITE,1,0,10/21,10/21,0,FY22,252
SF,24,11 - WHITE,1,0,10/21,11/21,0,FY22,251
SF,0,0 - NON-PROFIT,1,0,10/20,09/21,189026,FY22,251
SF,22,11 - WHITE,1,0,11/21,12/21,0,FY22,265
SF,43,12 - BLACK/AFRICAN AMER,3,0,04/22,04/22,0,FY22,254
RENTAL,0,11 - WHITE,3,0,06/22,8/22,0,FY23,953
RENTAL,,11 - WHITE,4,0,05/22,08/22,0,FY23,837
SF,71,12 - BLACK/AFRICAN AMER,1,0,08/21,10/21,0,FY22,481
SF,62,11 - WHITE,4,0,07/22,11/22,8550,FY23,1004
SF,52,11 - WHITE,2,0,10/22,12/22,9550,FY23,126
SF,0,0 - NON-PROFIT,2,0,07/20,04/22,198398,FY22,254
RENTAL,60,11 - WHITE,1,0,10/19,08/22,42706,FY23,495
SF,71,20 - OTHER MULTI-RACIAL,1,0,12/22,02/23,14485,FY23,882
SF,80,11 - WHITE,2,0,10/22,03/23,22805,FY23,960
SF,45,11 - WHITE,2,0,08/22,03/23,15182,FY23,357
SF,42,12 - BLACK/AFRICAN AMER,4,0,10/22,01/23,6870,FY23,930
SF,58,11 - WHITE,1,0,09/20,07/22,25914,FY23,708
SF,21,11 - WHITE,2,0,03/23,04/23,0,FY23,16
SF,39,11 - WHITE,1,0,04/23,05/23,,FY23,759
SF,30,11 - WHITE,1,0,04/23,05/23,0,FY23,645
SF,36,11 - WHITE,1,0,12/22,04/23,0,FY23,334
RENTAL,38,11 - WHITE,4,0,03/22,11/22,41992,FY23,548
SF,49,11 - WHITE,1,0,02/23,03/23,0,FY23,148
SF,22,12 - BLACK/AFRICAN AMER,1,0,01/23,02/23,0,FY23,988
SF,57,11 - WHITE,1,0,07/22,06/23,5605,FY23,1028
SF,52,11 - WHITE,,0,08/21,08/22,30909.58984375,FY23,539
SF,67,11 - WHITE,1,0,06/23,06/23,0,FY23,147
SF,35,12 - BLACK/AFRICAN AMER,1,0,03/23,06/23,6842,FY23,967
SF,29,20 - OTHER MULTI-RACIAL,3,0,02/22,03/23,9461.4501953125,FY22,803
SF,0,0 - NON-PROFIT,,0,05/22,02/23,199999,FY23,148
SF,0,20 - OTHER MULTI-RACIAL,,0,05/22,03/23,210981,FY23,16
SF,29,12 - BLACK/AFRICAN AMER,6,0,02/23,06/23,12415,FY23,715
RENTAL,0,20 - OTHER MULTI-RACIAL,5,0,12/22,06/23,475,FY23,124
SF,0,0 - NON-PROFIT,,0,50/22,10/22,199999,FY23,147
RENTAL,0,20 - OTHER MULTI-RACIAL,,0,05/22,07/23,5300,FY23,724
SF,68,11 - WHITE,1,0,08/22,07/23,1325,FY23,765
RENTAL,0,12 - BLACK/AFRICAN AMER,2,0,05/22,05/22,1325,FY22,833
RENTAL,53,14 - AMER INDIAN,2,0,05/21,10/21,850,FY22,275
SF,67,11 - WHITE,1,0,10/22,08/23,8700,FY24,371
RENTAL,56,12 - BLACK/AFRICAN AMER,1,0,06/22,09/22,850,FY23,921
RENTAL,46,12 - BLACK/AFRICAN AMER,5,0,07/22,07/22,850,FY23,996
RENTAL,0,20 - OTHER MULTI-RACIAL,,0,06/22,07/22,850,FY23,991
RENTAL,37,12 - BLACK/AFRICAN AMER,4,0,07/22,09/23,33345,FY24,606
SF,66,12 - BLACK/AFRICAN AMER,2,0,10/23,11/23,475,FY24,1042
SF,61,11 - WHITE,1,0,10/23,12/23,1695,FY24,297
SF,67,12 - BLACK/AFRICAN AMER,1,0,11/23,02/24,3250,FY24,428
SF,29,20 - OTHER MULTI-RACIAL,3,0,02/22,02/24,61008,FY24,803
SF,,0 - NON-PROFIT,0,0,01/21,02/23,245787.140625,FY23,645
RENTAL,73,12 - BLACK/AFRICAN AMER,0,0,01/23,03/24,1425,FY24,492
SF,48,12 - BLACK/AFRICAN AMER,1,0,11/23,11/23,615,FY24,97
RENTAL,0,0 - NON-PROFIT,0,0,01/24,05/24,70448,FY24,621
RENTAL,37,12 - BLACK/AFRICAN AMER,3,0,07/22,06/24,13680,FY24,996
SF,72,11 - WHITE,1,0,07/21,06/24,79895,FY24,691
SF,42,11 - WHITE,2,0,02/23,06/24,27600,FY24,679
RENTAL,37,12 - BLACK/AFRICAN AMER,6,0,02/23,09/24,13888,FY25,500
SF,28,11 - WHITE,5,0,06/24,10/24,59995,FY25,598
SF,31,11 - WHITE,3,0,09/24,09/24,0,FY25,647
RENTAL,31,18 - BLACK/AF AM & WHITE,4,0,11/24,2/25,17130,FY25,955
RENTAL,33,12 - BLACK/AFRICAN AMER,3,0,05/24,11/24,39445,FY25,636
SF,76,12 - BLACK/AFRICAN AMER,1,0,06/24,12/24,27445,FY25,520
SF,74,11 - WHITE,2,0,07/24,01/25,22970,FY25,691
SF,0,0 - NON-PROFIT,,0,04/23,01/25,214991.5,FY25,19
RENTAL,28,12 - BLACK/AFRICAN AMER,2,0,02/24,11/24,57100,FY25,183
